TransactionID,Type,Amount,Date,Remark,TypeOfIE,FromAccountName,AccountID,AccountRemark,AccountInitBalance
1F079443-5DE4-42AE-85B7-4B14C4360F2F,退款,989.60,2024年07月18日 11:01:00,戒指返现,收入,建行1977,51C1890B-1A81-4CBB-851C-7E68B5214EDE,,11601.75
31770CBA-925B-4B18-B6BB-748983BE97C7,日用,15.00,2024年11月01日 15:58:00,通行证,支出,微信余额,6DFB2542-96D8-48D7-8C3D-0D160900AD2D,,4375.80
293050DB-1CD6-4D7F-803E-55A14CEAA23A,饮料,25.00,2024年11月01日 17:49:00,,支出,微信余额,6DFB2542-96D8-48D7-8C3D-0D160900AD2D,,4375.80
E75E7466-42A3-47FC-A5DE-9ADA2556A9B0,吃饭,7.20,2024年11月05日 08:30:00,,支出,微信余额,6DFB2542-96D8-48D7-8C3D-0D160900AD2D,,4375.80
A99A9A8F-FE03-4FF8-A82C-049BD258918E,饮料,20.50,2024年11月05日 12:56:00,,支出,微信余额,6DFB2542-96D8-48D7-8C3D-0D160900AD2D,,4375.80
44DE7C58-FBA9-4F06-BB04-0A212010BD28,电器数码,47.53,2024年11月06日 11:03:10,手机膜,支出,建行2109,38650502-45C7-44BF-BDCD-DFED6315D68F,,31171.53
1D409F25-7E1B-4AA4-A131-217FE439DD62,吃饭,56.00,2024年11月06日 12:37:00,,支出,微信余额,6DFB2542-96D8-48D7-8C3D-0D160900AD2D,,4375.80
D7179F2A-4516-4C99-B086-FAD2D5810972,投资收益,72.80,2024年11月06日 14:33:29,卖出江淮汽车,收入,广发证券,010E252F-98A3-4823-818C-5F59C8CD47CE,,64384.71
A763E398-1FD4-4FF7-A0DD-D8AD15B190F3,住房,1400.34,2024年11月07日 08:05:09,房贷公积金,支出,建行2109,38650502-45C7-44BF-BDCD-DFED6315D68F,,31171.53
8972D202-DC6E-42BA-B5A2-9F6C55A17514,住房,4569.24,2024年11月07日 08:05:45,房贷,支出,建行2109,38650502-45C7-44BF-BDCD-DFED6315D68F,,31171.53
FD071B7A-2E47-4864-8E24-91AF04911BDD,吃饭,27.30,2024年11月07日 08:44:55,,支出,微信余额,6DFB2542-96D8-48D7-8C3D-0D160900AD2D,,4375.80
F59CF304-05F3-4138-A9E3-8242FAFD3BA1,旅游购物,30.00,2024年11月07日 21:53:28,,支出,微信余额,6DFB2542-96D8-48D7-8C3D-0D160900AD2D,,4375.80
330DB0B9-8830-46F2-8F86-EA9CDBF71734,吃饭,10.50,2024年11月08日 08:20:46,,支出,微信余额,6DFB2542-96D8-48D7-8C3D-0D160900AD2D,,4375.80
3A255AFF-22EA-4A24-AFEF-77C976678968,饮料,38.00,2024年11月08日 15:44:16,西西弗里,支出,微信余额,6DFB2542-96D8-48D7-8C3D-0D160900AD2D,,4375.80
87A7897C-B379-4736-882A-08972E0F251F,吃饭,9.60,2024年11月12日 08:07:21,,支出,微信余额,6DFB2542-96D8-48D7-8C3D-0D160900AD2D,,4375.80
C7D19FDE-D21B-49AF-85D4-D7A6C58A4D05,吃饭,14.70,2024年11月13日 08:29:25,,支出,微信余额,6DFB2542-96D8-48D7-8C3D-0D160900AD2D,,4375.80
3485EB50-F799-4276-AF2E-1A17AD5148FB,投资亏损,96.00,2024年11月13日 09:32:14,江淮汽车,支出,广发证券,010E252F-98A3-4823-818C-5F59C8CD47CE,,64384.71
EE2FF832-D90A-41BD-B5E7-CEBAC4BCD3C4,投资亏损,313.00,2024年11月13日 09:32:38,立迅,支出,广发证券,010E252F-98A3-4823-818C-5F59C8CD47CE,,64384.71
5578A262-738E-4B79-A547-2E8A6F14C8FF,投资亏损,36.00,2024年11月13日 09:33:10,安妮股份,支出,广发证券,010E252F-98A3-4823-818C-5F59C8CD47CE,,64384.71
347B6F8A-45D5-4E13-AC1F-7558C20C0317,通讯,100.00,2024年11月13日 09:59:30,4308,支出,建行1977,51C1890B-1A81-4CBB-851C-7E68B5214EDE,,11601.75
D742C930-32FA-475C-833A-DFF8E0E2E914,吃饭,20.00,2024年11月14日 12:25:00,,支出,微信余额,6DFB2542-96D8-48D7-8C3D-0D160900AD2D,,4375.80
2C60469B-32B4-408B-B850-70383DE65B5D,饮料,16.50,2024年11月14日 20:25:00,,支出,建行1977,51C1890B-1A81-4CBB-851C-7E68B5214EDE,,11601.75
6D9E9E89-2695-4DAC-9464-EC49BBB1102C,吃饭,10.80,2024年11月15日 08:31:03,,支出,微信余额,6DFB2542-96D8-48D7-8C3D-0D160900AD2D,,4375.80
6B280794-57B6-40BA-AA27-20F190023534,饮料,62.50,2024年11月15日 18:47:49,,支出,建行1977,51C1890B-1A81-4CBB-851C-7E68B5214EDE,,11601.75
8E9A82B8-0FF0-4D5B-8404-B2A36F43BCED,网吧,50.00,2024年11月15日 21:37:33,,支出,建行1977,51C1890B-1A81-4CBB-851C-7E68B5214EDE,,11601.75
97B40E06-91DD-4B23-9225-07F25E7CAB8A,电影,88.00,2024年11月17日 10:49:00,,支出,建行1977,51C1890B-1A81-4CBB-851C-7E68B5214EDE,,11601.75
23AFEA2A-2D21-45B8-BD06-AFBDFCD42F58,吃饭,12.00,2024年11月18日 10:49:05,,支出,微信余额,6DFB2542-96D8-48D7-8C3D-0D160900AD2D,,4375.80
397EC0BF-1E1A-441D-A6A6-E473C099043D,吃饭,16.00,2024年11月18日 12:23:54,,支出,微信余额,6DFB2542-96D8-48D7-8C3D-0D160900AD2D,,4375.80
1FACD3C2-86A8-437B-AE49-B17C04DB883C,工资,378.00,2024年11月18日 18:05:25,,收入,建行1977,51C1890B-1A81-4CBB-851C-7E68B5214EDE,,11601.75
227A76CA-17A4-4A59-AFB7-4013E099D270,吃饭,9.60,2024年11月19日 08:27:40,,支出,微信余额,6DFB2542-96D8-48D7-8C3D-0D160900AD2D,,4375.80
D392B712-04D9-43E1-888B-FBC64097C506,投资亏损,692.00,2024年11月19日 10:37:08,江淮,支出,广发证券,010E252F-98A3-4823-818C-5F59C8CD47CE,,64384.71
566277A2-2409-4A65-82DD-FF73E2ACF47C,奖金,11497.00,2024年11月19日 17:01:06,,收入,建行1977,51C1890B-1A81-4CBB-851C-7E68B5214EDE,,11601.75
B7248C09-A21B-4A40-8B95-F44C2D6949C7,吃饭,9.60,2024年11月20日 14:01:12,,支出,微信余额,6DFB2542-96D8-48D7-8C3D-0D160900AD2D,,4375.80
546ADA57-B2EE-4A2B-A6F0-35E08A4E559D,二手收入,1441.99,2024年11月21日 14:17:10,卖出MacBook2018,收入,建行1977,51C1890B-1A81-4CBB-851C-7E68B5214EDE,,11601.75
82CF7FD3-1B57-4AC1-8D10-EC5D8A12055E,吃饭,11.70,2024年11月22日 08:54:36,,支出,微信余额,6DFB2542-96D8-48D7-8C3D-0D160900AD2D,,4375.80
F90CB59D-2409-4010-AF04-36FD895611FA,吃饭,17.00,2024年11月22日 12:28:41,,支出,微信余额,6DFB2542-96D8-48D7-8C3D-0D160900AD2D,,4375.80
953F8EC5-6190-4C55-90AC-32368D03DDEE,吃饭,9.60,2024年11月23日 09:22:57,,支出,微信余额,6DFB2542-96D8-48D7-8C3D-0D160900AD2D,,4375.80
4A904ABB-839B-46EC-BB9A-4C410B021078,网吧,30.00,2024年11月23日 11:48:34,,支出,微信余额,6DFB2542-96D8-48D7-8C3D-0D160900AD2D,,4375.80
A0883DCA-82EB-4AD0-88C1-0C801A90AE10,网吧,14.00,2024年11月23日 11:48:53,,支出,微信余额,6DFB2542-96D8-48D7-8C3D-0D160900AD2D,,4375.80
13B8E243-45C9-47F2-9F30-4081CC1C6C0B,吃饭,24.00,2024年11月23日 20:20:46,,支出,微信余额,6DFB2542-96D8-48D7-8C3D-0D160900AD2D,,4375.80
C39BF406-91EC-40F3-8734-C7CC7537FD2F,网吧,30.60,2024年11月23日 20:21:10,,支出,微信余额,6DFB2542-96D8-48D7-8C3D-0D160900AD2D,,4375.80
1628E9FF-C92A-4E17-A27D-36F0FF09A3F1,网吧,5.00,2024年11月23日 20:21:18,,支出,微信余额,6DFB2542-96D8-48D7-8C3D-0D160900AD2D,,4375.80
D3D845E7-EB5F-4494-B7F8-96904366E8F3,吃饭,12.00,2024年11月25日 08:29:49,,支出,微信余额,6DFB2542-96D8-48D7-8C3D-0D160900AD2D,,4375.80
EB1FC000-D223-4B51-962B-511F331BFB32,吃饭,17.00,2024年11月25日 16:30:55,,支出,微信余额,6DFB2542-96D8-48D7-8C3D-0D160900AD2D,,4375.80
84DA7FB3-A417-4C24-A14C-F71C4C8A0BD7,饮料,16.50,2024年11月25日 16:31:04,,支出,建行1977,51C1890B-1A81-4CBB-851C-7E68B5214EDE,,11601.75
6E3BB836-FB15-4DBB-B13D-A5E6ED481018,吃饭,12.00,2024年11月26日 08:19:44,,支出,微信余额,6DFB2542-96D8-48D7-8C3D-0D160900AD2D,,4375.80
33399B16-25C8-4D4F-9BE5-9F7DB57694C5,吃饭,9.00,2024年11月26日 12:32:25,,支出,微信余额,6DFB2542-96D8-48D7-8C3D-0D160900AD2D,,4375.80
E70B37F7-070B-465F-A305-2EB9DE9CE3C2,饮料,19.50,2024年11月26日 20:51:11,,支出,建行1977,51C1890B-1A81-4CBB-851C-7E68B5214EDE,,11601.75
60FA2EAA-2712-42C8-969B-A996914ACEBC,吃饭,15.60,2024年11月27日 08:27:10,,支出,微信余额,6DFB2542-96D8-48D7-8C3D-0D160900AD2D,,4375.80
AB21D5E3-74BE-448C-B083-AB8E0C4E5519,吃饭,17.00,2024年11月27日 12:47:53,,支出,微信余额,6DFB2542-96D8-48D7-8C3D-0D160900AD2D,,4375.80
116AF545-95E2-4197-BEEE-705303A95FBE,饮料,16.50,2024年11月27日 13:02:50,,支出,建行1977,51C1890B-1A81-4CBB-851C-7E68B5214EDE,,11601.75
232F42EF-9350-486B-8659-FB5B2569792D,吃饭,12.00,2024年11月27日 13:29:59,,支出,微信余额,6DFB2542-96D8-48D7-8C3D-0D160900AD2D,,4375.80
6CEC0E7A-9BD1-478C-B676-9C1F79278694,吃饭,9.90,2024年11月28日 08:33:00,,支出,微信余额,6DFB2542-96D8-48D7-8C3D-0D160900AD2D,,4375.80
C05CB689-3A49-44FE-8DF6-C3F7CA79FE92,饮料,16.50,2024年11月28日 20:15:56,,支出,建行1977,51C1890B-1A81-4CBB-851C-7E68B5214EDE,,11601.75
5EE87A55-6148-4539-9063-7F5BDC58DFAD,吃饭,12.00,2024年11月29日 08:25:44,,支出,微信余额,6DFB2542-96D8-48D7-8C3D-0D160900AD2D,,4375.80
382234C4-7105-4D61-A389-5FB3D964303D,网吧,99.00,2024年11月29日 17:55:44,,支出,建行1977,51C1890B-1A81-4CBB-851C-7E68B5214EDE,,11601.75
C3B11B8E-4C10-40CD-851D-007665EEEC26,吃饭,24.00,2024年11月29日 18:12:20,,支出,微信余额,6DFB2542-96D8-48D7-8C3D-0D160900AD2D,,4375.80
0F73AD9D-20AA-4FB4-8A7C-16B1AE20BD3A,交通,8.50,2024年11月29日 21:26:34,,支出,建行2109,38650502-45C7-44BF-BDCD-DFED6315D68F,,31171.53
64C15005-29E7-4AAF-B3D9-6A14B1FC8176,饮料,21.50,2024年11月30日 14:06:23,,支出,建行1977,51C1890B-1A81-4CBB-851C-7E68B5214EDE,,11601.75
10C03CAB-733E-4F34-A5F3-9FDD33E5C267,网吧,6.00,2024年11月30日 16:21:53,,支出,建行1977,51C1890B-1A81-4CBB-851C-7E68B5214EDE,,11601.75
A710957E-75F3-48F5-8C05-E18E568FDC05,零食,201.00,2024年12月01日 17:06:32,辣椒粑,支出,微信余额,6DFB2542-96D8-48D7-8C3D-0D160900AD2D,,4375.80
66917A86-A09A-44F0-AEF1-9EB9DFD60144,吃饭,21.50,2024年12月02日 08:28:57,,支出,微信余额,6DFB2542-96D8-48D7-8C3D-0D160900AD2D,,4375.80
D277C2E7-7E5C-4F1E-BF59-8C58ED1C0927,吃饭,20.00,2024年12月02日 12:47:08,,支出,微信余额,6DFB2542-96D8-48D7-8C3D-0D160900AD2D,,4375.80
E7CA11D3-02AA-4116-A846-BFBC4EF62B61,饮料,16.50,2024年12月02日 12:47:19,,支出,建行1977,51C1890B-1A81-4CBB-851C-7E68B5214EDE,,11601.75
3EA778FF-CB2D-4251-BABD-95F245BE3244,吃饭,9.60,2024年12月03日 08:11:00,,支出,微信余额,6DFB2542-96D8-48D7-8C3D-0D160900AD2D,,4375.80
0B3C76F0-5C83-460B-9EBE-5C638C89D2BD,吃饭,10.00,2024年12月03日 12:12:00,,支出,微信余额,6DFB2542-96D8-48D7-8C3D-0D160900AD2D,,4375.80
E4D0F06B-3167-4E8E-9FC6-81B39C129A7F,饮料,14.00,2024年12月03日 18:12:13,,支出,建行1977,51C1890B-1A81-4CBB-851C-7E68B5214EDE,,11601.75
F53A4A11-1704-4B8F-8ED7-0534DDF6A005,红包收入,4000.00,2024年12月03日 18:12:38,爸爸,收入,建行2109,38650502-45C7-44BF-BDCD-DFED6315D68F,,31171.53
CC8404C9-3A2D-420A-8831-B7626E8180D8,公积金,3662.00,2024年12月03日 18:13:07,,收入,建行1977,51C1890B-1A81-4CBB-851C-7E68B5214EDE,,11601.75
19BDC7A1-CC92-4626-B6D8-241BC754A0DF,通讯,100.00,2024年12月03日 18:13:51,,支出,建行2109,38650502-45C7-44BF-BDCD-DFED6315D68F,,31171.53
FB3D64B9-28C9-4028-A11A-E65B26F941CF,零食,7.00,2024年12月03日 22:19:25,,支出,微信余额,6DFB2542-96D8-48D7-8C3D-0D160900AD2D,,4375.80
D0663742-6BE0-4E13-AC1D-D8671F379E9A,饮料,6.00,2024年12月04日 16:21:33,,支出,建行1977,51C1890B-1A81-4CBB-851C-7E68B5214EDE,,11601.75
8A9C98F9-EDCB-4B8A-A210-ED311474B6F1,饮料,40.00,2024年12月04日 18:14:04,,支出,建行1977,51C1890B-1A81-4CBB-851C-7E68B5214EDE,,11601.75
D4781A99-CF11-475E-810F-2EA7606DB203,吃饭,16.00,2024年12月05日 12:24:32,,支出,微信余额,6DFB2542-96D8-48D7-8C3D-0D160900AD2D,,4375.80
EE30A37C-2B12-4560-9BCC-A96931FD3B77,吃饭,9.60,2024年12月06日 08:31:36,,支出,微信余额,6DFB2542-96D8-48D7-8C3D-0D160900AD2D,,4375.80
1476E5AE-B473-42C4-A022-C09E223F0BD2,吃饭,16.00,2024年12月06日 12:12:30,,支出,微信余额,6DFB2542-96D8-48D7-8C3D-0D160900AD2D,,4375.80
40A75F67-5F73-43E5-9138-CD9AE8C7F812,饮料,16.50,2024年12月06日 12:17:38,,支出,建行1977,51C1890B-1A81-4CBB-851C-7E68B5214EDE,,11601.75
416745BC-B151-4556-B1F7-6C78C5DE3DF8,电器数码,13827.20,2024年12月06日 12:21:27,MacBook Pro,支出,建行1977,51C1890B-1A81-4CBB-851C-7E68B5214EDE,,11601.75
9CEE2C7A-9714-4F83-B2F6-046FBEBE54E2,住房,445.00,2024年12月06日 14:26:50,物业,支出,建行2109,38650502-45C7-44BF-BDCD-DFED6315D68F,,31171.53
3D29CF92-73F1-4981-9396-2156D6B99F1B,住房,4569.00,2024年12月07日 09:32:32,,支出,建行2109,38650502-45C7-44BF-BDCD-DFED6315D68F,,31171.53
D7406139-22F7-43E3-A487-8F3D2916EDCC,饮料,16.00,2024年12月07日 21:36:47,,支出,建行1977,51C1890B-1A81-4CBB-851C-7E68B5214EDE,,11601.75
420DC3F9-0F8E-46CF-97A8-F22610E5EB9E,零食,20.40,2024年12月08日 19:58:44,,支出,微信余额,6DFB2542-96D8-48D7-8C3D-0D160900AD2D,,4375.80
79CF2B70-21BA-43D1-97BC-CE8F8CAF7E6B,电影,40.00,2024年12月08日 21:24:01,,支出,微信余额,6DFB2542-96D8-48D7-8C3D-0D160900AD2D,,4375.80
3144071F-94DC-49AE-B29C-94B0FFD8D2FF,住房,370.60,2024年12月08日 21:39:47,电费,支出,建行2109,38650502-45C7-44BF-BDCD-DFED6315D68F,,31171.53
A5F44A2D-E000-451F-ABC4-5711DE90079F,住房,1400.34,2024年12月09日 14:59:46,房贷,支出,建行2109,38650502-45C7-44BF-BDCD-DFED6315D68F,,31171.53
F2157C83-CE49-489C-B3D1-5391606FD435,吃饭,12.00,2024年12月10日 08:39:17,,支出,微信余额,6DFB2542-96D8-48D7-8C3D-0D160900AD2D,,4375.80
2B73A5C4-D7EE-4D0E-90E3-BCE9554A3FAF,吃饭,9.60,2024年12月11日 08:55:00,,支出,微信余额,6DFB2542-96D8-48D7-8C3D-0D160900AD2D,,4375.80
28098C4A-022E-4525-BF66-EF5ED67FE10C,吃饭,35.00,2024年12月11日 12:19:40,,支出,微信余额,6DFB2542-96D8-48D7-8C3D-0D160900AD2D,,4375.80
D9B7DCC7-0B79-4831-B117-C4B435C94683,饮料,16.50,2024年12月11日 12:22:45,,支出,建行1977,51C1890B-1A81-4CBB-851C-7E68B5214EDE,,11601.75
9862232A-4C48-4485-B6E1-B27429A5377D,吃饭,12.00,2024年12月12日 08:33:48,,支出,微信余额,6DFB2542-96D8-48D7-8C3D-0D160900AD2D,,4375.80
B2D953DA-B1CA-4490-96F6-836795B3A224,吃饭,61.00,2024年12月12日 12:30:14,,支出,微信余额,6DFB2542-96D8-48D7-8C3D-0D160900AD2D,,4375.80
E3CA8C67-79FA-4C53-850C-8BE306BC7792,退款,1000.00,2024年12月12日 13:27:38,装修费,收入,建行1977,51C1890B-1A81-4CBB-851C-7E68B5214EDE,,11601.75
EB3FFE9F-7F4C-44D6-8893-7C77DF4E09E3,吃饭,24.00,2024年12月12日 20:48:44,,支出,微信余额,6DFB2542-96D8-48D7-8C3D-0D160900AD2D,,4375.80
38BB89E5-ED4E-4307-B64D-E420618C1138,吃饭,10.60,2024年12月13日 11:59:10,,支出,微信余额,6DFB2542-96D8-48D7-8C3D-0D160900AD2D,,4375.80
5F80F049-22F2-482C-90E9-D9462480F6CD,网吧,182.00,2024年12月13日 12:31:54,,支出,建行1977,51C1890B-1A81-4CBB-851C-7E68B5214EDE,,11601.75
98191C4F-3ECA-4EC0-A432-8A962D6A601B,饮料,18.00,2024年12月13日 16:12:48,,支出,建行1977,51C1890B-1A81-4CBB-851C-7E68B5214EDE,,11601.75
1D3E9885-48D9-4F41-A0A3-9693A9E6E7C2,饮料,16.50,2024年12月14日 13:54:23,,支出,建行1977,51C1890B-1A81-4CBB-851C-7E68B5214EDE,,11601.75
CD7A9C03-4100-4839-A70E-EB3671FCB930,日用,130.00,2024年12月14日 20:27:05,,支出,建行1977,51C1890B-1A81-4CBB-851C-7E68B5214EDE,,11601.75
BBF38732-F5D4-4142-8C71-8037DA428316,玩具,13.00,2024年12月15日 22:47:08,,支出,建行1977,51C1890B-1A81-4CBB-851C-7E68B5214EDE,,11601.75
31CAF620-FCF2-4493-98E8-7CE3607A6CE1,理发,75.00,2024年12月15日 22:47:21,,支出,微信余额,6DFB2542-96D8-48D7-8C3D-0D160900AD2D,,4375.80
244F43F0-406C-4FCF-A2A2-4C697DCC093C,吃饭,11.40,2024年12月16日 09:28:17,,支出,微信余额,6DFB2542-96D8-48D7-8C3D-0D160900AD2D,,4375.80
A89D4FA6-396F-4628-8584-7F9F7AF52271,吃饭,19.45,2024年12月16日 12:23:50,,支出,建行1977,51C1890B-1A81-4CBB-851C-7E68B5214EDE,,11601.75
4BF151C3-F631-4D7D-B1EB-51828EF3B06A,吃饭,17.50,2024年12月17日 08:35:49,,支出,建行1977,51C1890B-1A81-4CBB-851C-7E68B5214EDE,,11601.75
EB5BF1B3-8FE6-4CCE-A490-01CD8D1FFD27,吃饭,16.00,2024年12月18日 12:32:41,,支出,建行1977,51C1890B-1A81-4CBB-851C-7E68B5214EDE,,11601.75
ADDCF520-9CD7-4CF1-B0AA-2C2781439FB5,饮料,16.50,2024年12月18日 12:34:15,,支出,建行1977,51C1890B-1A81-4CBB-851C-7E68B5214EDE,,11601.75
F7037CA7-0004-4085-B0C0-F2B0190E5992,工资,2829.00,2024年12月18日 16:57:46,,收入,建行1977,51C1890B-1A81-4CBB-851C-7E68B5214EDE,,11601.75
E859273D-A916-4394-B23D-8151720BE362,日用,74.00,2024年12月19日 00:55:32,鱼缸水泵,支出,建行1977,51C1890B-1A81-4CBB-851C-7E68B5214EDE,,11601.75
D74F7871-00A5-49D7-B7ED-5EC7D1F80BBA,吃饭,32.00,2024年12月19日 12:36:52,,支出,建行1977,51C1890B-1A81-4CBB-851C-7E68B5214EDE,,11601.75
91533259-662B-45DC-8841-1D8316FDE2AF,饮料,24.50,2024年12月19日 15:02:20,,支出,建行1977,51C1890B-1A81-4CBB-851C-7E68B5214EDE,,11601.75
4709027F-6DE4-4722-81C8-06A7651A6CCD,工资,900.00,2024年12月19日 16:31:49,话费报销,收入,建行1977,51C1890B-1A81-4CBB-851C-7E68B5214EDE,,11601.75
D6680905-6682-4937-A4F0-ED9B2BB7F52E,奖金,4469.00,2024年12月20日 16:53:09,,收入,建行1977,51C1890B-1A81-4CBB-851C-7E68B5214EDE,,11601.75
11FA1C82-FC24-4ED7-9F71-3BE14766B3A5,日用,70.00,2024年12月22日 12:00:29,虾蟹,支出,建行1977,51C1890B-1A81-4CBB-851C-7E68B5214EDE,,11601.75
F8A6FFB5-60D4-4184-AE3F-5A5B618ED1AC,零食,64.29,2024年12月22日 20:19:40,,支出,建行2109,38650502-45C7-44BF-BDCD-DFED6315D68F,,31171.53
F3AEA4FA-CFD1-4E7D-A6B5-9888D71FF1CA,吃饭,9.60,2024年12月23日 08:38:02,,支出,微信余额,6DFB2542-96D8-48D7-8C3D-0D160900AD2D,,4375.80
77A290E2-8CF6-4A7F-B19F-46F75FFEF50E,通讯,100.00,2024年12月23日 09:09:49,4309,支出,建行1977,51C1890B-1A81-4CBB-851C-7E68B5214EDE,,11601.75
D50CCF14-F912-4CAB-BE76-59CCF3A3E1BF,饮料,16.50,2024年12月23日 12:05:21,,支出,建行1977,51C1890B-1A81-4CBB-851C-7E68B5214EDE,,11601.75
1D71CCE2-2B89-4FD7-8695-2D1FBEED71F9,吃饭,15.60,2024年12月24日 08:40:07,,支出,微信余额,6DFB2542-96D8-48D7-8C3D-0D160900AD2D,,4375.80
F0F3BEA4-EC13-452E-8FBA-2BD3F4CCFC6F,饮料,16.50,2024年12月24日 12:50:11,,支出,建行1977,51C1890B-1A81-4CBB-851C-7E68B5214EDE,,11601.75
AC8DA2A3-B868-4D50-A9B0-ED7A8CDD0151,饮料,21.50,2024年12月25日 19:20:23,,支出,建行1977,51C1890B-1A81-4CBB-851C-7E68B5214EDE,,11601.75
EBD836FB-0C56-46AB-AAC9-A913FDFD7DD4,吃饭,3.50,2024年12月25日 19:20:33,,支出,微信余额,6DFB2542-96D8-48D7-8C3D-0D160900AD2D,,4375.80
07DF4B43-199C-4F95-AE44-2E6CE6A05B61,奖金,2342.00,2024年12月25日 19:20:59,4季度补发,收入,建行1977,51C1890B-1A81-4CBB-851C-7E68B5214EDE,,11601.75
0AF70E64-0701-437A-AD9F-2861DE6B1E3B,吃饭,20.00,2024年12月26日 08:55:45,,支出,微信余额,6DFB2542-96D8-48D7-8C3D-0D160900AD2D,,4375.80
F32B60FF-2176-4298-A3C3-654A859B0649,吃饭,16.00,2024年12月26日 12:15:03,,支出,微信余额,6DFB2542-96D8-48D7-8C3D-0D160900AD2D,,4375.80
8E2A4736-12F2-4E3D-8C2D-32E9809BCFF4,饮料,16.50,2024年12月26日 12:15:08,,支出,建行1977,51C1890B-1A81-4CBB-851C-7E68B5214EDE,,11601.75
F99892EE-0664-4E54-99D4-3C2BC40B48C7,零食,36.80,2024年12月26日 18:36:17,,支出,建行1977,51C1890B-1A81-4CBB-851C-7E68B5214EDE,,11601.75
EC451E3B-0AE1-4B97-B88E-05E42254276D,玩具,69.00,2024年12月26日 19:59:35,,支出,建行1977,51C1890B-1A81-4CBB-851C-7E68B5214EDE,,11601.75
2E4A14FA-8D0F-4042-B15A-4C1CBE323EC8,饮料,30.00,2024年12月27日 15:15:00,,支出,微信余额,6DFB2542-96D8-48D7-8C3D-0D160900AD2D,,4375.80
DFBA3BF0-F89A-4F1C-AF6D-70518419B021,日用,8.54,2024年12月27日 19:14:44,,支出,建行1977,51C1890B-1A81-4CBB-851C-7E68B5214EDE,,11601.75
925BDE78-BC0A-497A-A9FC-B2C33A1FB039,吃饭,9.60,2024年12月28日 08:32:21,,支出,微信余额,6DFB2542-96D8-48D7-8C3D-0D160900AD2D,,4375.80
0A2C4B00-F864-4AC2-ACA3-39B7CF78F625,饮料,21.50,2024年12月28日 13:32:33,,支出,建行1977,51C1890B-1A81-4CBB-851C-7E68B5214EDE,,11601.75
AA6872CB-161A-4FFE-9D08-AC5A7BB62903,吃饭,224.60,2024年12月29日 15:24:23,,支出,微信余额,6DFB2542-96D8-48D7-8C3D-0D160900AD2D,,4375.80
4C24569F-80D6-43E7-BEAB-46037CE0F003,吃饭,14.70,2024年12月30日 08:43:06,,支出,微信余额,6DFB2542-96D8-48D7-8C3D-0D160900AD2D,,4375.80
DECD2185-425B-40D4-9160-1DDD65F51D14,吃饭,12.00,2024年12月30日 12:09:36,,支出,微信余额,6DFB2542-96D8-48D7-8C3D-0D160900AD2D,,4375.80
D18C1341-01A4-41C6-9D1B-2B94AECAD242,饮料,16.50,2024年12月30日 12:14:09,,支出,建行1977,51C1890B-1A81-4CBB-851C-7E68B5214EDE,,11601.75
584A4F4E-681E-488C-B7C4-BBC4303B9083,汽车,3537.64,2024年12月30日 14:44:50,保险,支出,建行1977,51C1890B-1A81-4CBB-851C-7E68B5214EDE,,11601.75
40B11332-9ADA-47EA-97A7-7E4C338F0C7A,吃饭,20.00,2024年12月31日 08:55:17,,支出,微信余额,6DFB2542-96D8-48D7-8C3D-0D160900AD2D,,4375.80
3CD6D1B4-BC97-4A67-A5BF-C84B60E88CEB,饮料,16.50,2024年12月31日 13:04:49,,支出,建行1977,51C1890B-1A81-4CBB-851C-7E68B5214EDE,,11601.75
4857DB78-A0B6-4C2E-99B4-281D0DC1F256,吃饭,23.90,2025年01月01日 07:58:07,,支出,微信余额,6DFB2542-96D8-48D7-8C3D-0D160900AD2D,,4375.80
13A8307D-3027-41E0-AF6F-E4F80ED3BED2,红包收入,16.08,2025年01月01日 07:58:29,,收入,微信余额,6DFB2542-96D8-48D7-8C3D-0D160900AD2D,,4375.80
72D94FBD-9C52-46FC-A2E1-48F85F9E3CC9,吃饭,9.60,2025年01月02日 09:01:34,,支出,微信余额,6DFB2542-96D8-48D7-8C3D-0D160900AD2D,,4375.80
61922523-9F8D-4A49-A3C7-45B50D003BF4,吃饭,17.00,2025年01月02日 11:48:50,,支出,微信余额,6DFB2542-96D8-48D7-8C3D-0D160900AD2D,,4375.80
EFF36748-14EC-40BE-9DDF-651927250533,饮料,16.50,2025年01月02日 12:19:57,,支出,建行1977,51C1890B-1A81-4CBB-851C-7E68B5214EDE,,11601.75
5D5DEDAF-DD29-445B-992B-90AA18B9FFBC,吃饭,9.60,2025年01月03日 08:30:58,,支出,微信余额,6DFB2542-96D8-48D7-8C3D-0D160900AD2D,,4375.80
5AFA8C71-0A4A-4215-A9F4-803602944D3C,吃饭,17.00,2025年01月03日 11:52:47,,支出,微信余额,6DFB2542-96D8-48D7-8C3D-0D160900AD2D,,4375.80
602542CF-4207-472D-BBD5-3D08F6D724FC,饮料,16.50,2025年01月03日 12:26:02,,支出,建行1977,51C1890B-1A81-4CBB-851C-7E68B5214EDE,,11601.75
194BA6CE-3539-48E1-9F2F-5FDAAD4CFB95,通讯,100.00,2025年01月03日 14:27:00,,支出,建行2109,38650502-45C7-44BF-BDCD-DFED6315D68F,,31171.53
47536BCC-F63A-403B-B77E-8695C262DE11,公积金,3662.00,2025年01月03日 17:25:15,,收入,建行1977,51C1890B-1A81-4CBB-851C-7E68B5214EDE,,11601.75
31EF023F-A44F-4EB7-8B9C-75BBE126A46A,吃饭,20.00,2025年01月06日 12:07:30,,支出,微信余额,6DFB2542-96D8-48D7-8C3D-0D160900AD2D,,4375.80
45F04C96-72EB-44E4-9FA9-62AEA25C992D,转账支出,3000.00,2025年01月07日 07:47:03,家庭基金,支出,建行1977,51C1890B-1A81-4CBB-851C-7E68B5214EDE,,11601.75
EB8BC242-8D9D-47DA-9CE9-4A650E0B19FC,住房,4497.75,2025年01月07日 08:08:14,,支出,建行2109,38650502-45C7-44BF-BDCD-DFED6315D68F,,31171.53
95E341B9-9599-4437-83F7-7B115A3E3480,住房,1398.47,2025年01月07日 09:15:42,,支出,建行2109,38650502-45C7-44BF-BDCD-DFED6315D68F,,31171.53
E701ADCF-AFE3-4DD5-BD38-7F5A64368299,吃饭,21.00,2025年01月07日 11:54:02,,支出,微信余额,6DFB2542-96D8-48D7-8C3D-0D160900AD2D,,4375.80
354DA690-F8C8-467F-8B99-000C24B1A40D,饮料,16.50,2025年01月07日 12:17:09,,支出,建行1977,51C1890B-1A81-4CBB-851C-7E68B5214EDE,,11601.75
22290D9B-F9CD-461A-9B3D-1CEFDDAE56B0,住房,159.00,2025年01月07日 14:26:13,物业,支出,建行2109,38650502-45C7-44BF-BDCD-DFED6315D68F,,31171.53
B1882E03-0FEF-493A-8F7A-7093CAB9978E,通讯,30.00,2025年01月07日 14:27:31,1977短信年费,支出,建行1977,51C1890B-1A81-4CBB-851C-7E68B5214EDE,,11601.75
7E11E683-2B38-4F15-A408-A6233C8D9198,日用,1589.00,2025年01月07日 18:59:22,热水器,支出,建行1977,51C1890B-1A81-4CBB-851C-7E68B5214EDE,,11601.75
AFEF5770-E39A-4A06-AE5E-44D495D5BE0B,吃饭,12.00,2025年01月08日 08:35:38,,支出,微信余额,6DFB2542-96D8-48D7-8C3D-0D160900AD2D,,4375.80
CCBF7395-A886-47C1-9846-5A9ABA4F082D,吃饭,29.80,2025年01月08日 12:24:19,,支出,微信余额,6DFB2542-96D8-48D7-8C3D-0D160900AD2D,,4375.80
499C2A0E-6938-4A4A-9B87-BE03DC1690AC,吃饭,11.50,2025年01月09日 09:37:00,,支出,微信余额,6DFB2542-96D8-48D7-8C3D-0D160900AD2D,,4375.80
00D9148C-CC08-4C0D-9AAF-40A88613BB04,吃饭,9.00,2025年01月09日 11:56:24,,支出,微信余额,6DFB2542-96D8-48D7-8C3D-0D160900AD2D,,4375.80
46387755-B00E-4F74-AFB0-A767554A5D7E,饮料,16.50,2025年01月09日 12:10:59,,支出,建行1977,51C1890B-1A81-4CBB-851C-7E68B5214EDE,,11601.75
F3E275A5-A691-4058-B8F7-370AFB98AE19,吃饭,24.00,2025年01月09日 21:08:25,,支出,微信余额,6DFB2542-96D8-48D7-8C3D-0D160900AD2D,,4375.80
DE800A5A-41A0-4419-A9F9-8297B523FEAA,住房,292.00,2025年01月09日 21:08:33,电费,支出,建行2109,38650502-45C7-44BF-BDCD-DFED6315D68F,,31171.53
F2A147B5-2382-4E47-A1C1-32BE7E25C3FB,饮料,19.50,2025年01月10日 12:30:37,,支出,建行1977,51C1890B-1A81-4CBB-851C-7E68B5214EDE,,11601.75
A90A4BB6-2A44-40FA-9CE2-B90721A8B898,饮料,16.50,2025年01月10日 16:25:39,,支出,建行1977,51C1890B-1A81-4CBB-851C-7E68B5214EDE,,11601.75
5A6FEC23-9A9F-4F2E-972E-36DFF9CE68A5,网吧,93.00,2025年01月10日 16:45:24,,支出,建行1977,51C1890B-1A81-4CBB-851C-7E68B5214EDE,,11601.75
B532C1F9-BE48-4D2A-B768-7D3D796752C1,电器数码,35.80,2025年01月12日 14:44:48,表带,支出,建行1977,51C1890B-1A81-4CBB-851C-7E68B5214EDE,,11601.75
895869E7-A209-48EB-8093-29E81D548E33,吃饭,12.00,2025年01月13日 08:36:53,,支出,微信余额,6DFB2542-96D8-48D7-8C3D-0D160900AD2D,,4375.80
E15CCB74-E849-47D3-BBD7-EDC014CE99D9,吃饭,42.00,2025年01月13日 11:55:02,,支出,建行1977,51C1890B-1A81-4CBB-851C-7E68B5214EDE,,11601.75
E0AF8A13-B968-48CD-9589-6B6C254D4CFA,饮料,13.50,2025年01月13日 11:55:24,,支出,建行1977,51C1890B-1A81-4CBB-851C-7E68B5214EDE,,11601.75
5E08E06D-FF62-44C0-A762-F856EDACA301,二手收入,119.28,2025年01月13日 18:22:21,热水器,收入,建行1977,51C1890B-1A81-4CBB-851C-7E68B5214EDE,,11601.75
972EFA2F-9F75-4BA2-89FF-6A2D17EF7869,吃饭,24.00,2025年01月14日 12:32:22,,支出,建行1977,51C1890B-1A81-4CBB-851C-7E68B5214EDE,,11601.75
92327588-A479-42FC-A8EA-845FB3ACABAB,吃饭,9.60,2025年01月15日 08:29:41,,支出,微信余额,6DFB2542-96D8-48D7-8C3D-0D160900AD2D,,4375.80
AFEACCD0-FD7C-4E80-80E7-33CC35C20B71,吃饭,43.00,2025年01月15日 11:41:41,,支出,建行1977,51C1890B-1A81-4CBB-851C-7E68B5214EDE,,11601.75
E03C4123-6D0E-455E-852C-68822F1A80F5,吃饭,19.00,2025年01月15日 17:37:08,,支出,建行1977,51C1890B-1A81-4CBB-851C-7E68B5214EDE,,11601.75
46494BB9-6C0A-4C2C-BDC4-413464814E5D,吃饭,9.60,2025年01月16日 08:36:26,,支出,建行1977,51C1890B-1A81-4CBB-851C-7E68B5214EDE,,11601.75
B74B4BE7-EB2C-4D47-B0C1-CBDD5B81A46D,零食,9.60,2025年01月17日 18:58:07,,支出,建行1977,51C1890B-1A81-4CBB-851C-7E68B5214EDE,,11601.75
2530AD40-99B1-47B3-A751-BAC4CF4D801F,饮料,23.00,2025年01月18日 14:22:49,,支出,建行1977,51C1890B-1A81-4CBB-851C-7E68B5214EDE,,11601.75
1762B458-C5A0-42E9-9A28-FAFDF8562383,饮料,12.00,2025年01月19日 21:14:54,,支出,建行1977,51C1890B-1A81-4CBB-851C-7E68B5214EDE,,11601.75
5D6CD0B6-2220-42C6-8916-0B4D22CF00A4,吃饭,9.60,2025年01月20日 08:57:55,,支出,建行1977,51C1890B-1A81-4CBB-851C-7E68B5214EDE,,11601.75
CBDD2593-8B23-4A50-AC1C-051272423D89,网吧,93.00,2025年01月20日 11:54:13,,支出,建行1977,51C1890B-1A81-4CBB-851C-7E68B5214EDE,,11601.75
7DFFD63E-8721-4B6E-8EB2-880691E661BF,吃饭,21.40,2025年01月20日 12:07:28,,支出,建行1977,51C1890B-1A81-4CBB-851C-7E68B5214EDE,,11601.75
6972AC4A-F63D-4690-9B38-2986692E4420,吃饭,12.00,2025年01月21日 08:50:18,,支出,微信余额,6DFB2542-96D8-48D7-8C3D-0D160900AD2D,,4375.80
D14C58FC-15B0-4D2F-9131-94A215876F37,吃饭,17.10,2025年01月21日 12:29:22,,支出,微信余额,6DFB2542-96D8-48D7-8C3D-0D160900AD2D,,4375.80
339D114E-1567-4BCD-B5DC-A51124E0E1B3,玩具,84.00,2025年01月21日 21:56:02,,支出,建行1977,51C1890B-1A81-4CBB-851C-7E68B5214EDE,,11601.75
7ECAFD5F-6B7A-4F6E-8278-68AE3DB0EA6C,吃饭,22.00,2025年01月22日 13:33:04,,支出,微信余额,6DFB2542-96D8-48D7-8C3D-0D160900AD2D,,4375.80
9E8B6B46-9376-4B56-ABA8-7C260B63968B,饮料,39.00,2025年01月22日 16:51:00,,支出,微信余额,6DFB2542-96D8-48D7-8C3D-0D160900AD2D,,4375.80
583AFEFE-F447-4A12-885A-0C143990F2F1,网吧,3.00,2025年01月22日 16:52:00,,支出,微信余额,6DFB2542-96D8-48D7-8C3D-0D160900AD2D,,4375.80
345FD459-FF9B-4A17-966F-C3061E8EF2FA,吃饭,24.88,2025年01月23日 13:53:00,,支出,建行1977,51C1890B-1A81-4CBB-851C-7E68B5214EDE,,11601.75
3D93115D-D953-48F5-ABB2-A47DC5AAA7DD,奖金,1621.00,2025年01月23日 18:33:30,,收入,建行1977,51C1890B-1A81-4CBB-851C-7E68B5214EDE,,11601.75
38716BC4-7FED-4AC1-B178-29DE880F2C29,年终奖,40939.00,2025年01月23日 18:33:45,,收入,建行1977,51C1890B-1A81-4CBB-851C-7E68B5214EDE,,11601.75
2AC66DD8-CFFF-40C0-B983-8F368B6011D3,吃饭,6.60,2025年01月24日 08:51:00,,支出,建行1977,51C1890B-1A81-4CBB-851C-7E68B5214EDE,,11601.75
0C71E31D-9CA8-48CD-9B45-5DE6B65C30CD,交通,30.00,2025年01月24日 12:52:00,,支出,建行1977,51C1890B-1A81-4CBB-851C-7E68B5214EDE,,11601.75
94F29CFB-DEBF-42DB-956B-5BE72E27791A,吃饭,27.00,2025年01月24日 13:52:00,,支出,建行1977,51C1890B-1A81-4CBB-851C-7E68B5214EDE,,11601.75
799FEACB-D819-4392-BFA7-C4E4D9E99B46,网吧,21.00,2025年01月24日 14:51:47,,支出,微信余额,6DFB2542-96D8-48D7-8C3D-0D160900AD2D,,4375.80
B800956C-F811-4F71-B5E9-98999A149A62,饮料,13.80,2025年01月24日 14:53:06,,支出,建行1977,51C1890B-1A81-4CBB-851C-7E68B5214EDE,,11601.75
53808EFE-3B48-4B5E-8022-1511DB6E885A,交通,11.00,2025年01月25日 13:47:02,,支出,微信余额,6DFB2542-96D8-48D7-8C3D-0D160900AD2D,,4375.80
983E91FE-3AE2-4D36-8FD0-D54772EF77B0,育儿,39.90,2025年01月25日 21:21:14,,支出,建行1977,51C1890B-1A81-4CBB-851C-7E68B5214EDE,,11601.75
6745A962-CE72-4B45-9544-34E87CFA3504,零食,64.00,2025年01月25日 22:10:34,,支出,建行1977,51C1890B-1A81-4CBB-851C-7E68B5214EDE,,11601.75
8C9EEA94-3AF2-4CD4-9128-72CE7FACB74E,饮料,18.20,2025年01月26日 12:54:47,,支出,建行1977,51C1890B-1A81-4CBB-851C-7E68B5214EDE,,11601.75
A2333F02-8E5D-42ED-8620-27328A921AAE,吃饭,25.00,2025年01月26日 12:55:16,,支出,建行1977,51C1890B-1A81-4CBB-851C-7E68B5214EDE,,11601.75
DB2CFB74-11F3-4AA0-A5A8-8847272D57B0,网吧,93.00,2025年01月26日 13:01:41,,支出,建行1977,51C1890B-1A81-4CBB-851C-7E68B5214EDE,,11601.75
F2A77041-8016-46A5-9D83-67FF25460F93,饮料,23.00,2025年01月27日 14:31:36,,支出,建行1977,51C1890B-1A81-4CBB-851C-7E68B5214EDE,,11601.75
390367E5-B040-4498-9672-ED2A79C543FE,红包支出,12000.00,2025年01月28日 21:50:10,爸妈红包,支出,建行1977,51C1890B-1A81-4CBB-851C-7E68B5214EDE,,11601.75
D9659319-5A3A-4041-AAD6-93950D535F46,游戏,46.00,2025年01月31日 22:46:00,,支出,微信余额,6DFB2542-96D8-48D7-8C3D-0D160900AD2D,,4375.80
1B410B2F-A042-46B6-8B84-C9E7D31BC955,游戏,18.62,2025年01月31日 22:47:00,战地5,支出,微信余额,6DFB2542-96D8-48D7-8C3D-0D160900AD2D,,4375.80
2E2A2CE0-E115-476D-934B-F665E3EB8F70,转账收入,24000.00,2025年02月01日 01:45:00,老爸,收入,建行2109,38650502-45C7-44BF-BDCD-DFED6315D68F,,31171.53
7CFD1A1E-FEA3-48AE-81C2-A0ABCB26A5BC,公积金,3662.00,2025年02月01日 01:45:00,,收入,建行1977,51C1890B-1A81-4CBB-851C-7E68B5214EDE,,11601.75
7CF9742C-A88F-4A06-8DE1-57D7A379DCD3,通讯,100.00,2025年02月03日 09:24:16,,支出,建行2109,38650502-45C7-44BF-BDCD-DFED6315D68F,,31171.53
37ED4CED-4B9A-4CEE-8A7B-70A3C5C0D180,订阅,11.00,2025年02月03日 13:57:39,VPN,支出,建行1977,51C1890B-1A81-4CBB-851C-7E68B5214EDE,,11601.75
D96E14BC-4593-40C8-B5F2-408E676F810F,吃饭,23.50,2025年02月03日 17:58:51,,支出,微信余额,6DFB2542-96D8-48D7-8C3D-0D160900AD2D,,4375.80
726D303B-7C94-4024-8624-0C3FAB15D81B,吃饭,27.60,2025年02月03日 21:51:32,,支出,建行1977,51C1890B-1A81-4CBB-851C-7E68B5214EDE,,11601.75
A4492F3E-72B8-42B3-A410-55FBF7E2AF11,吃饭,12.00,2025年02月05日 09:50:51,,支出,建行1977,51C1890B-1A81-4CBB-851C-7E68B5214EDE,,11601.75
9EFA75A8-327F-49C9-AC15-3E6EAA0AB700,投资亏损,562.00,2025年02月05日 10:18:58,中国移动,支出,广发证券,010E252F-98A3-4823-818C-5F59C8CD47CE,,64384.71
D26E7B2B-65EF-4A61-AA75-3B0EE75291BC,过节费,1880.00,2025年02月05日 12:25:11,,收入,建行1977,51C1890B-1A81-4CBB-851C-7E68B5214EDE,,11601.75
88229A88-E766-45E4-B7CF-0089B3F2E57E,服饰,118.40,2025年02月05日 13:41:32,丝袜,支出,建行1977,51C1890B-1A81-4CBB-851C-7E68B5214EDE,,11601.75
7EC1CC84-CD16-4913-85AF-45163969FD35,饮料,15.00,2025年02月06日 21:33:27,,支出,建行1977,51C1890B-1A81-4CBB-851C-7E68B5214EDE,,11601.75
37F2B5BE-A8AC-44EC-BD67-0D29BD1929A8,住房,4497.75,2025年02月07日 08:56:48,房贷,支出,建行2109,38650502-45C7-44BF-BDCD-DFED6315D68F,,31171.53
0DB9A0C3-939A-4399-8150-2A0C353A8D75,转账支出,3000.00,2025年02月07日 08:57:17,朱,支出,建行1977,51C1890B-1A81-4CBB-851C-7E68B5214EDE,,11601.75
21DB80A0-45EF-427D-9713-B48F606B7F02,零食,31.42,2025年02月07日 15:43:54,,支出,建行1977,51C1890B-1A81-4CBB-851C-7E68B5214EDE,,11601.75
A2EF0C57-3EF7-4792-A112-CC2E8C47E6DF,零食,8.72,2025年02月08日 20:49:09,,支出,建行1977,51C1890B-1A81-4CBB-851C-7E68B5214EDE,,11601.75
1B43868A-7739-4DCD-9B4D-C725DA6DD99D,住房,1391.12,2025年02月08日 20:49:45,,支出,建行2109,38650502-45C7-44BF-BDCD-DFED6315D68F,,31171.53
1693DFF0-D0BE-4D40-BA1F-EABFB4E12CED,饮料,14.00,2025年02月12日 18:54:00,,支出,建行1977,51C1890B-1A81-4CBB-851C-7E68B5214EDE,,11601.75
DCB6E693-2962-4EC9-A85B-8CCAFF805B67,饮料,17.00,2025年02月15日 18:47:00,,支出,微信余额,6DFB2542-96D8-48D7-8C3D-0D160900AD2D,,4375.80
024F5C09-12D6-478D-B356-33D69439104C,按摩,217.00,2025年02月15日 18:54:00,,支出,建行1977,51C1890B-1A81-4CBB-851C-7E68B5214EDE,,11601.75
7B259437-4DDD-4921-9BB8-206C82C3ED9C,吃饭,198.00,2025年02月16日 12:46:00,,支出,微信余额,6DFB2542-96D8-48D7-8C3D-0D160900AD2D,,4375.80
FAA5D23B-6629-46C4-B6EB-AA14692B5B82,饮料,18.00,2025年02月16日 18:53:00,,支出,建行1977,51C1890B-1A81-4CBB-851C-7E68B5214EDE,,11601.75
358CB1E2-8676-4AA1-B16F-3B78C7504A3F,理发,48.00,2025年02月16日 18:53:00,,支出,建行1977,51C1890B-1A81-4CBB-851C-7E68B5214EDE,,11601.75
2393C7E4-AD5A-4565-A991-47C6741B1566,吃饭,22.70,2025年02月17日 08:46:00,,支出,微信余额,6DFB2542-96D8-48D7-8C3D-0D160900AD2D,,4375.80
A7D6A261-702E-4116-B033-9D1CC5DA1C62,饮料,24.00,2025年02月17日 18:53:00,,支出,建行1977,51C1890B-1A81-4CBB-851C-7E68B5214EDE,,11601.75
7986861F-7F6A-4C75-8C24-BB4F1F43E2F9,吃饭,22.80,2025年02月17日 18:53:00,,支出,建行1977,51C1890B-1A81-4CBB-851C-7E68B5214EDE,,11601.75
818085AE-ED8D-4935-847F-56650E6C27CF,吃饭,28.00,2025年02月18日 12:45:00,,支出,微信余额,6DFB2542-96D8-48D7-8C3D-0D160900AD2D,,4375.80
CF74B891-8B0C-4BE1-859B-51A715757C53,吃饭,9.90,2025年02月18日 18:45:00,,支出,微信余额,6DFB2542-96D8-48D7-8C3D-0D160900AD2D,,4375.80
8772B4AD-FFB2-43EC-8D4A-C4341ED0823C,工资,3021.19,2025年02月18日 18:52:00,,收入,建行1977,51C1890B-1A81-4CBB-851C-7E68B5214EDE,,11601.75
4919F41F-3C8C-40FF-877A-41E9DEE5ECCC,饮料,21.00,2025年02月18日 18:52:00,,支出,建行1977,51C1890B-1A81-4CBB-851C-7E68B5214EDE,,11601.75
921B02BE-295D-44AF-B8D8-A663A1A4DB8A,饮料,21.00,2025年02月19日 12:51:00,,支出,建行1977,51C1890B-1A81-4CBB-851C-7E68B5214EDE,,11601.75
0458747B-58CD-44EF-8EB1-5C205E8C6EF4,通讯,200.00,2025年02月19日 18:51:00,,支出,建行1977,51C1890B-1A81-4CBB-851C-7E68B5214EDE,,11601.75
9E7C294B-0587-44B8-8FCC-2CA5F6889559,吃饭,47.00,2025年02月20日 12:44:00,,支出,微信余额,6DFB2542-96D8-48D7-8C3D-0D160900AD2D,,4375.80
3B4F672A-01F6-475C-A5CE-B8522EE27F02,吃饭,21.30,2025年02月20日 18:51:00,,支出,微信余额,6DFB2542-96D8-48D7-8C3D-0D160900AD2D,,4375.80
0AB7B5DE-E728-4EF3-BF13-2962E5A6FBEA,吃饭,9.90,2025年02月21日 08:45:00,,支出,微信余额,6DFB2542-96D8-48D7-8C3D-0D160900AD2D,,4375.80
03AB2DED-D059-43C4-ADE2-E08D5D46F448,吃饭,16.00,2025年02月21日 12:44:00,,支出,微信余额,6DFB2542-96D8-48D7-8C3D-0D160900AD2D,,4375.80
1086B2FB-1B30-4176-88CB-8344D9B7B77B,吃饭,9.90,2025年02月22日 08:43:00,,支出,微信余额,6DFB2542-96D8-48D7-8C3D-0D160900AD2D,,4375.80
B04E9A54-A102-448D-B6EE-BF8B67F20CA5,订阅,68.00,2025年02月22日 09:55:00,AppleCloud,支出,微信余额,6DFB2542-96D8-48D7-8C3D-0D160900AD2D,,4375.80
2A75F244-8BCF-4ECB-9138-ED4B51D42A9F,饮料,24.00,2025年02月22日 12:49:00,,支出,建行1977,51C1890B-1A81-4CBB-851C-7E68B5214EDE,,11601.75
4F67E29F-E57A-4348-8FDA-4FD72BEEF7BF,网吧,94.00,2025年02月22日 12:50:00,,支出,建行1977,51C1890B-1A81-4CBB-851C-7E68B5214EDE,,11601.75
F9142591-BB69-4CA3-B1C3-C851E45B89D9,吃饭,9.90,2025年02月24日 08:41:00,,支出,微信余额,6DFB2542-96D8-48D7-8C3D-0D160900AD2D,,4375.80
41FBD165-2893-43AE-8305-45832C8C5057,吃饭,16.00,2025年02月24日 12:35:00,,支出,微信余额,6DFB2542-96D8-48D7-8C3D-0D160900AD2D,,4375.80
A18FEFEF-FF91-4F32-85A3-772605C8B223,饮料,19.00,2025年02月24日 12:40:00,,支出,建行1977,51C1890B-1A81-4CBB-851C-7E68B5214EDE,,11601.75
B8CD6094-4C5C-437F-826B-9D72F907A624,育儿,29.90,2025年02月24日 20:44:33,泡沫球,支出,微信余额,6DFB2542-96D8-48D7-8C3D-0D160900AD2D,,4375.80
5CD396D0-7055-4A68-BFD1-D4102928B19C,饮料,16.00,2025年02月24日 20:47:03,,支出,微信余额,6DFB2542-96D8-48D7-8C3D-0D160900AD2D,,4375.80
F00A8EC3-D18F-4BB2-9553-920AF1299443,吃饭,7.50,2025年02月25日 08:25:15,,支出,微信余额,6DFB2542-96D8-48D7-8C3D-0D160900AD2D,,4375.80
6119D92C-D453-43FE-B7BA-9BE65C0E87EC,吃饭,9.90,2025年02月26日 08:30:57,,支出,微信余额,6DFB2542-96D8-48D7-8C3D-0D160900AD2D,,4375.80
3D77A157-C3A4-4C3A-BFDE-0664459A1098,饮料,28.90,2025年02月26日 12:51:45,,支出,建行1977,51C1890B-1A81-4CBB-851C-7E68B5214EDE,,11601.75
A8CBBD9D-865A-450C-99CA-A1A3995E53D9,吃饭,9.90,2025年02月27日 08:12:13,,支出,微信余额,6DFB2542-96D8-48D7-8C3D-0D160900AD2D,,4375.80
66FA5660-3345-4014-BE9C-3C0FD45DBD61,吃饭,16.00,2025年02月27日 12:05:49,,支出,微信余额,6DFB2542-96D8-48D7-8C3D-0D160900AD2D,,4375.80
A9125525-EE13-4587-982E-23FE50E81A11,饮料,19.00,2025年02月27日 12:07:30,,支出,建行1977,51C1890B-1A81-4CBB-851C-7E68B5214EDE,,11601.75
2D63C850-331B-4223-BB68-CCE95850D8DC,奖金,3300.00,2025年02月27日 17:41:31,,收入,建行1977,51C1890B-1A81-4CBB-851C-7E68B5214EDE,,11601.75
3A667243-9FA2-42FB-92AC-8983018B5BED,吃饭,12.30,2025年02月28日 08:12:54,,支出,微信余额,6DFB2542-96D8-48D7-8C3D-0D160900AD2D,,4375.80
FE93B1BF-C974-44BA-B58D-0ABA18AE85FD,二手收入,300.00,2025年03月01日 14:15:52,LG显示器,收入,微信余额,6DFB2542-96D8-48D7-8C3D-0D160900AD2D,,4375.80
2E550058-90F8-4415-9F53-2F9E2A10DA63,交通,6.00,2025年03月01日 19:51:31,,支出,微信余额,6DFB2542-96D8-48D7-8C3D-0D160900AD2D,,4375.80
06BB818E-E623-4BB5-A1DB-3BAA90ABE6F6,公积金,3662.00,2025年03月03日 00:00:00,,收入,建行1977,51C1890B-1A81-4CBB-851C-7E68B5214EDE,,11601.75
16F3B64B-063F-478B-A4E4-7D048DF2171A,通讯,100.00,2025年03月03日 08:12:29,,支出,建行2109,38650502-45C7-44BF-BDCD-DFED6315D68F,,31171.53
7A80A250-C590-460B-AB7A-4F796BD3EECA,吃饭,9.90,2025年03月03日 08:16:31,,支出,微信余额,6DFB2542-96D8-48D7-8C3D-0D160900AD2D,,4375.80
A384AC03-8D94-40EB-A26E-AD2F229003D9,电器数码,843.09,2025年03月03日 08:45:36,小米显示器,支出,建行1977,51C1890B-1A81-4CBB-851C-7E68B5214EDE,,11601.75
D24A02D4-3AAE-4AD8-895D-99A0A3062FF7,吃饭,16.00,2025年03月03日 12:22:23,,支出,微信余额,6DFB2542-96D8-48D7-8C3D-0D160900AD2D,,4375.80
096D686E-DC69-4D23-A180-61DF0C448789,饮料,19.00,2025年03月03日 12:25:05,,支出,建行1977,51C1890B-1A81-4CBB-851C-7E68B5214EDE,,11601.75
12F2160B-CFA9-4235-94BB-6D56B48BA956,订阅,39.60,2025年03月03日 23:45:09,VPN,支出,微信余额,6DFB2542-96D8-48D7-8C3D-0D160900AD2D,,4375.80
45323EE8-7E40-4164-BCD8-CB4003F5A745,吃饭,9.90,2025年03月04日 08:12:28,,支出,微信余额,6DFB2542-96D8-48D7-8C3D-0D160900AD2D,,4375.80
0B09FC91-FBB5-45A6-85F4-1B6182E90BD2,吃饭,14.00,2025年03月04日 11:46:34,,支出,微信余额,6DFB2542-96D8-48D7-8C3D-0D160900AD2D,,4375.80
8369750D-AFEA-4B88-9200-88C455D09229,饮料,19.00,2025年03月04日 12:19:54,,支出,建行1977,51C1890B-1A81-4CBB-851C-7E68B5214EDE,,11601.75
B26DF30D-B84F-46C7-B0ED-7238CCF57739,网吧,94.00,2025年03月04日 12:26:47,,支出,建行1977,51C1890B-1A81-4CBB-851C-7E68B5214EDE,,11601.75
767515B2-2FE5-4348-A5EE-C94426270CC3,吃饭,7.50,2025年03月05日 08:11:27,,支出,微信余额,6DFB2542-96D8-48D7-8C3D-0D160900AD2D,,4375.80
946A872F-CED7-48D3-B311-EB46EA04754B,吃饭,18.00,2025年03月05日 12:17:21,,支出,微信余额,6DFB2542-96D8-48D7-8C3D-0D160900AD2D,,4375.80
06815FCB-C596-4A7A-8B77-250937EA33FB,吃饭,100.00,2025年03月05日 21:54:40,,支出,微信余额,6DFB2542-96D8-48D7-8C3D-0D160900AD2D,,4375.80
DCF07E02-2C1E-4D0F-B03E-160A10C1A1AA,吃饭,9.90,2025年03月06日 08:20:30,,支出,微信余额,6DFB2542-96D8-48D7-8C3D-0D160900AD2D,,4375.80
F2C010F7-E4F0-44B3-B080-68EABF119423,吃饭,16.88,2025年03月06日 12:13:45,,支出,微信余额,6DFB2542-96D8-48D7-8C3D-0D160900AD2D,,4375.80
3E4E5097-9C01-4E1E-9B34-135C7B2861D3,转账支出,3000.00,2025年03月07日 00:00:00,家庭,支出,建行1977,51C1890B-1A81-4CBB-851C-7E68B5214EDE,,11601.75
F01B9D98-151F-4357-AAAB-58525A64BD33,住房,5888.87,2025年03月07日 00:05:00,房贷,支出,建行2109,38650502-45C7-44BF-BDCD-DFED6315D68F,,31171.53
E7BA7E18-03A2-49E8-A55F-E7FBFAE4625B,吃饭,9.90,2025年03月07日 08:15:57,,支出,微信余额,6DFB2542-96D8-48D7-8C3D-0D160900AD2D,,4375.80
95A221A8-59E8-4488-9600-C506F3785D4E,吃饭,16.00,2025年03月07日 12:09:14,,支出,微信余额,6DFB2542-96D8-48D7-8C3D-0D160900AD2D,,4375.80
1F006D7A-BB32-47A0-A2D2-84E22D8A78AC,饮料,19.00,2025年03月07日 12:11:25,,支出,建行1977,51C1890B-1A81-4CBB-851C-7E68B5214EDE,,11601.75
55A6BD8D-7034-44E1-B487-A6DECCEB7758,电器数码,44.10,2025年03月07日 21:34:48,鼠标垫,支出,建行1977,51C1890B-1A81-4CBB-851C-7E68B5214EDE,,11601.75
99BA3FEE-7B16-43E8-83EE-60A810379A17,订阅,11.00,2025年03月08日 14:57:06,Apple Music 3个月优惠,支出,建行1977,51C1890B-1A81-4CBB-851C-7E68B5214EDE,,11601.75
88771F51-F381-4AB3-BC8E-C404E150A019,服饰,189.00,2025年03月08日 21:03:25,鞋,支出,建行1977,51C1890B-1A81-4CBB-851C-7E68B5214EDE,,11601.75
8EFCEEC5-CCB3-49D7-A75D-05F0C723C5B5,吃饭,11.40,2025年03月10日 08:19:54,,支出,微信余额,6DFB2542-96D8-48D7-8C3D-0D160900AD2D,,4375.80
50C10962-8D10-46AD-8483-1FABFD113F3F,育儿,135.00,2025年03月10日 10:52:16,磁吸玩具,支出,建行1977,51C1890B-1A81-4CBB-851C-7E68B5214EDE,,11601.75
D544EF5C-C5F0-4855-90D3-C14A75E4FAB2,零食,39.80,2025年03月10日 17:21:05,,支出,建行1977,51C1890B-1A81-4CBB-851C-7E68B5214EDE,,11601.75
1EE47B9F-BDF9-4CF6-90D2-31EB8D82352C,吃饭,9.90,2025年03月11日 09:27:59,,支出,微信余额,6DFB2542-96D8-48D7-8C3D-0D160900AD2D,,4375.80
10AC509B-6A8A-4F0F-8CC8-4A4FFE4F8A39,吃饭,28.00,2025年03月11日 11:50:56,,支出,微信余额,6DFB2542-96D8-48D7-8C3D-0D160900AD2D,,4375.80
2B335EC1-DFB6-465C-904B-94BE596A9BB7,饮料,11.50,2025年03月11日 13:55:46,,支出,微信余额,6DFB2542-96D8-48D7-8C3D-0D160900AD2D,,4375.80
D83D0394-85EC-4217-8D36-D105633FB966,住房,281.06,2025年03月11日 20:11:18,电费,支出,建行2109,38650502-45C7-44BF-BDCD-DFED6315D68F,,31171.53
C6415345-0F7D-4264-8B18-E9095AAB45DF,吃饭,25.00,2025年03月12日 12:08:00,,支出,微信余额,6DFB2542-96D8-48D7-8C3D-0D160900AD2D,,4375.80
ABC8C76D-F23C-4527-BA3C-E4310F489412,吃饭,16.00,2025年03月13日 12:15:21,,支出,微信余额,6DFB2542-96D8-48D7-8C3D-0D160900AD2D,,4375.80
ACC4B72D-3C30-4D46-9C8A-DBEE55749197,饮料,16.50,2025年03月13日 12:17:49,,支出,建行1977,51C1890B-1A81-4CBB-851C-7E68B5214EDE,,11601.75
6E5A2F38-9E9F-4A26-8060-0F1589E49B64,投资亏损,2200.00,2025年03月14日 10:00:00,美的集团,支出,广发证券,010E252F-98A3-4823-818C-5F59C8CD47CE,,64384.71
9578DA49-5E19-493F-986E-70FCDCEA42DE,吃饭,27.00,2025年03月15日 10:40:53,,支出,微信余额,6DFB2542-96D8-48D7-8C3D-0D160900AD2D,,4375.80
545F108C-6A82-46F5-B68A-8B4F4C1B0FD6,电器数码,152.00,2025年03月15日 17:34:52,cpu散热器,支出,建行1977,51C1890B-1A81-4CBB-851C-7E68B5214EDE,,11601.75
B8FEE1D4-7860-45D6-9D7C-BDF5658721DE,吃饭,9.90,2025年03月17日 08:12:18,,支出,微信余额,6DFB2542-96D8-48D7-8C3D-0D160900AD2D,,4375.80
6C7F54F9-C71D-49D7-89FB-22F72C4CD699,吃饭,16.00,2025年03月17日 12:11:49,,支出,微信余额,6DFB2542-96D8-48D7-8C3D-0D160900AD2D,,4375.80
F5069D77-5B80-4669-B83C-A214BA954E8A,饮料,16.50,2025年03月17日 12:11:54,,支出,建行1977,51C1890B-1A81-4CBB-851C-7E68B5214EDE,,11601.75
0956C6E7-4BB9-464A-94C0-33EDB510C3C3,吃饭,9.90,2025年03月18日 08:22:34,,支出,微信余额,6DFB2542-96D8-48D7-8C3D-0D160900AD2D,,4375.80
E41F158E-FAFC-4BB8-976B-F4AF046FD76F,吃饭,16.00,2025年03月18日 16:48:09,,支出,微信余额,6DFB2542-96D8-48D7-8C3D-0D160900AD2D,,4375.80
06401488-515B-4FA7-A198-039332E03D91,饮料,16.50,2025年03月18日 16:48:11,,支出,建行1977,51C1890B-1A81-4CBB-851C-7E68B5214EDE,,11601.75
2EBBD2A0-3D8D-4593-9435-38DA40FF891F,工资,9522.19,2025年03月18日 16:48:49,包含考试奖金,收入,建行1977,51C1890B-1A81-4CBB-851C-7E68B5214EDE,,11601.75
79117E0E-B390-4189-ACCD-DEC1652FB9B3,吃饭,9.90,2025年03月19日 08:16:45,,支出,微信余额,6DFB2542-96D8-48D7-8C3D-0D160900AD2D,,4375.80
D40814A8-FF3E-42EE-B7A5-D4A49A305D8C,饮料,16.50,2025年03月19日 12:35:08,,支出,建行1977,51C1890B-1A81-4CBB-851C-7E68B5214EDE,,11601.75
0F2C9385-E8DF-48F8-9597-B7FEED809CAC,吃饭,16.00,2025年03月19日 12:35:11,,支出,微信余额,6DFB2542-96D8-48D7-8C3D-0D160900AD2D,,4375.80
F34B0227-E559-4763-8BE5-59EFE372BCD9,吃饭,29.00,2025年03月20日 11:53:20,,支出,微信余额,6DFB2542-96D8-48D7-8C3D-0D160900AD2D,,4375.80
2F9E3F3F-EA8F-4022-82FA-1E4A7F8AAD8A,吃饭,15.00,2025年03月21日 08:19:35,,支出,微信余额,6DFB2542-96D8-48D7-8C3D-0D160900AD2D,,4375.80
9B7D1905-D5E2-4FC5-94B7-6A09FCE98FC2,饮料,16.50,2025年03月21日 13:03:00,,支出,建行1977,51C1890B-1A81-4CBB-851C-7E68B5214EDE,,11601.75
1C06E8FB-93D2-4206-AB7F-7C95402BD6B8,吃饭,16.00,2025年03月21日 13:03:12,,支出,微信余额,6DFB2542-96D8-48D7-8C3D-0D160900AD2D,,4375.80
43DBB7F8-2D90-415E-A413-8DC84677617D,网吧,95.00,2025年03月21日 13:15:19,,支出,建行1977,51C1890B-1A81-4CBB-851C-7E68B5214EDE,,11601.75
846071EB-7555-4087-B27F-2C8E1C3BD542,订阅,68.00,2025年03月22日 19:00:00,Apple Cloud,支出,微信余额,6DFB2542-96D8-48D7-8C3D-0D160900AD2D,,4375.80
DE8C72FB-2CA0-43D0-9B71-796EE281152B,工资,684.00,2025年03月22日 20:03:25,退税,收入,建行1977,51C1890B-1A81-4CBB-851C-7E68B5214EDE,,11601.75
61649F15-40B1-4764-95B6-B6D871704132,吃饭,16.00,2025年03月24日 12:15:57,,支出,微信余额,6DFB2542-96D8-48D7-8C3D-0D160900AD2D,,4375.80
C063DA46-0A0F-49C6-882C-239B3C3EB2B0,饮料,19.60,2025年03月24日 12:17:47,,支出,建行1977,51C1890B-1A81-4CBB-851C-7E68B5214EDE,,11601.75
2EDAD9A0-2458-4AA2-ACFE-46676396AE8C,饮料,7.50,2025年03月24日 19:17:58,,支出,微信余额,6DFB2542-96D8-48D7-8C3D-0D160900AD2D,,4375.80
9A46E2AD-7FAB-4F31-8FE5-E4B1F1EABF81,吃饭,24.50,2025年03月25日 08:23:33,,支出,微信余额,6DFB2542-96D8-48D7-8C3D-0D160900AD2D,,4375.80
169213DF-EE3D-49E1-BBE6-4316EB071639,吃饭,41.00,2025年03月25日 12:40:52,,支出,微信余额,6DFB2542-96D8-48D7-8C3D-0D160900AD2D,,4375.80
6EE38CAB-CF6F-4173-B195-2445510EE418,饮料,16.50,2025年03月25日 13:16:24,,支出,建行1977,51C1890B-1A81-4CBB-851C-7E68B5214EDE,,11601.75
EACCD9EA-6B00-42F2-BA3B-4BAA4BC0417C,吃饭,9.90,2025年03月26日 08:21:39,,支出,微信余额,6DFB2542-96D8-48D7-8C3D-0D160900AD2D,,4375.80
3D470C8C-E21A-4D9E-B919-A0975CFA5C70,吃饭,16.00,2025年03月26日 12:44:56,,支出,微信余额,6DFB2542-96D8-48D7-8C3D-0D160900AD2D,,4375.80
F7F57F4F-4BFC-448D-8199-F37826D4DF02,饮料,16.50,2025年03月26日 12:47:18,,支出,建行1977,51C1890B-1A81-4CBB-851C-7E68B5214EDE,,11601.75
E4359848-DED7-49E1-B7D4-116CB804D3C5,吃饭,12.30,2025年03月27日 08:20:33,,支出,微信余额,6DFB2542-96D8-48D7-8C3D-0D160900AD2D,,4375.80
63D537A3-2002-4378-8876-D14174984118,吃饭,26.00,2025年03月27日 11:58:53,,支出,微信余额,6DFB2542-96D8-48D7-8C3D-0D160900AD2D,,4375.80
540AA598-1316-49DC-9187-54EE955E43D0,饮料,16.50,2025年03月27日 12:19:34,,支出,建行1977,51C1890B-1A81-4CBB-851C-7E68B5214EDE,,11601.75
8EE767D4-DF20-4266-B127-CBB3E90E265F,住房,6.00,2025年03月28日 00:00:00,测试,支出,微信余额,6DFB2542-96D8-48D7-8C3D-0D160900AD2D,,4375.80
5ADA0D22-3790-4642-88A8-6A5ECD2A4FC2,吃饭,9.90,2025年03月28日 08:21:15,,支出,微信余额,6DFB2542-96D8-48D7-8C3D-0D160900AD2D,,4375.80
9709D538-4A39-4B05-9C46-8334E7D67714,吃饭,26.00,2025年03月28日 12:22:39,,支出,微信余额,6DFB2542-96D8-48D7-8C3D-0D160900AD2D,,4375.80
A9CEEE4E-AD42-4BF2-B94A-6BF349C9759E,饮料,16.50,2025年03月28日 12:45:17,,支出,建行1977,51C1890B-1A81-4CBB-851C-7E68B5214EDE,,11601.75
7E18B644-FB81-4830-A558-E4AF994769FA,吃饭,12.30,2025年03月29日 08:44:26,,支出,微信余额,6DFB2542-96D8-48D7-8C3D-0D160900AD2D,,4375.80
E1EB9637-831C-4658-8375-24A2C1377CDA,吃饭,23.20,2025年03月29日 12:06:39,,支出,微信余额,6DFB2542-96D8-48D7-8C3D-0D160900AD2D,,4375.80
CDCECCA6-D368-4C42-9A4E-1915F06C0436,网吧,6.00,2025年03月29日 14:28:38,,支出,微信余额,6DFB2542-96D8-48D7-8C3D-0D160900AD2D,,4375.80
F3164B67-D6A3-467D-A130-9F77C7EE786D,汽车,187.00,2025年03月29日 17:12:28,保养，换空调滤芯,支出,微信余额,6DFB2542-96D8-48D7-8C3D-0D160900AD2D,,4375.80
29AF1300-0FFE-47CA-A80E-C4FA2CDFC0FD,零食,11.59,2025年03月30日 20:49:44,,支出,建行1977,51C1890B-1A81-4CBB-851C-7E68B5214EDE,,11601.75
BA0690E2-B04A-4FD2-988B-2477B68944AB,吃饭,9.90,2025年03月31日 08:18:41,,支出,微信余额,6DFB2542-96D8-48D7-8C3D-0D160900AD2D,,4375.80
D94F03BF-88A2-4AF8-AFC3-198C79FAB6AD,吃饭,16.00,2025年03月31日 12:16:28,,支出,微信余额,6DFB2542-96D8-48D7-8C3D-0D160900AD2D,,4375.80
40144E10-65C8-4661-87CF-B9226DA0B082,饮料,16.50,2025年03月31日 12:16:33,,支出,建行1977,51C1890B-1A81-4CBB-851C-7E68B5214EDE,,11601.75
9CEE0473-B9F6-4672-B577-F6CFEEDF2658,饮料,35.00,2025年04月01日 12:48:47,,支出,建行1977,51C1890B-1A81-4CBB-851C-7E68B5214EDE,,11601.75
965B78A1-BA26-4329-B2FD-FE1A0E64865C,投资收益,66.37,2025年04月01日 13:55:28,美的,收入,广发证券,010E252F-98A3-4823-818C-5F59C8CD47CE,,64384.71
D7BD7707-0490-4DB5-851E-FCEC7B1FCC24,饮料,13.00,2025年04月01日 16:42:04,,支出,建行1977,51C1890B-1A81-4CBB-851C-7E68B5214EDE,,11601.75
5947E693-AADB-4F88-9E9A-DA3EB95EB0E8,网吧,50.00,2025年04月01日 16:42:15,,支出,微信余额,6DFB2542-96D8-48D7-8C3D-0D160900AD2D,,4375.80
E2C58370-1268-44F7-B6FB-501188CF85A4,吃饭,12.00,2025年04月02日 08:22:00,,支出,微信余额,6DFB2542-96D8-48D7-8C3D-0D160900AD2D,,4375.80
348D5AE0-EB85-4772-8492-DAE4F3C61E78,吃饭,16.00,2025年04月02日 15:22:25,,支出,微信余额,6DFB2542-96D8-48D7-8C3D-0D160900AD2D,,4375.80
35DDC3C9-E261-419A-A71C-FBAB89CAFBF7,饮料,19.00,2025年04月02日 15:22:53,,支出,建行1977,51C1890B-1A81-4CBB-851C-7E68B5214EDE,,11601.75
B8FCE77C-6483-4DF5-A01A-F132E9905BA2,零食,7.80,2025年04月02日 20:54:14,,支出,建行1977,51C1890B-1A81-4CBB-851C-7E68B5214EDE,,11601.75
D23DA26B-09A3-4B94-85FB-70D2BAC71383,公积金,3662.00,2025年04月03日 00:00:00,,收入,建行1977,51C1890B-1A81-4CBB-851C-7E68B5214EDE,,11601.75
71E59231-ABC7-4EC7-AED9-A53A0E104AB9,吃饭,12.30,2025年04月03日 08:15:50,,支出,微信余额,6DFB2542-96D8-48D7-8C3D-0D160900AD2D,,4375.80
7AD12A93-254F-4A8E-9756-D594FCED757A,通讯,100.00,2025年04月03日 09:08:39,,支出,建行2109,38650502-45C7-44BF-BDCD-DFED6315D68F,,31171.53
F72A652F-E4A0-431C-B74B-C2E5473D4350,吃饭,29.00,2025年04月04日 09:50:30,,支出,微信余额,6DFB2542-96D8-48D7-8C3D-0D160900AD2D,,4375.80
1DF49385-1434-4541-A386-4E461FD42FA1,吃饭,36.20,2025年04月04日 18:12:43,,支出,建行2109,38650502-45C7-44BF-BDCD-DFED6315D68F,,31171.53
41C0AE8A-06F4-4771-AEA3-8BB58C5D7F74,饮料,38.00,2025年04月05日 15:52:20,,支出,建行1977,51C1890B-1A81-4CBB-851C-7E68B5214EDE,,11601.75
399D4359-AB26-4BF3-AD2B-1C82840E9E71,吃饭,25.00,2025年04月06日 11:58:37,,支出,建行2109,38650502-45C7-44BF-BDCD-DFED6315D68F,,31171.53
8D19A2BF-DD41-4D62-B039-41344BF829CA,转账支出,3000.00,2025年04月07日 00:00:00,家庭,支出,建行1977,51C1890B-1A81-4CBB-851C-7E68B5214EDE,,11601.75
83469172-94AE-441B-9A03-290D85F7D5A8,吃饭,16.00,2025年04月07日 12:07:24,,支出,微信余额,6DFB2542-96D8-48D7-8C3D-0D160900AD2D,,4375.80
E77E0794-AA7F-4E0D-B724-0DA3748A9BD2,饮料,12.90,2025年04月07日 12:13:02,,支出,建行1977,51C1890B-1A81-4CBB-851C-7E68B5214EDE,,11601.75
5A2DF0E4-3ECB-486C-B307-A0CA9C8B452C,网吧,93.00,2025年04月07日 12:21:38,,支出,建行1977,51C1890B-1A81-4CBB-851C-7E68B5214EDE,,11601.75
CB6C1B49-F846-4C9C-965D-8C84A7A471A1,投资亏损,19942.00,2025年04月07日 14:46:56,顺丰,支出,广发证券,010E252F-98A3-4823-818C-5F59C8CD47CE,,64384.71
65D2B482-1AD2-40CA-A381-F27CC431BE02,住房,5888.87,2025年04月07日 15:53:00,房贷,支出,建行2109,38650502-45C7-44BF-BDCD-DFED6315D68F,,31171.53
210A8615-FAB7-4A57-A9C3-53EFD5A42F13,零食,24.50,2025年04月07日 21:35:00,,支出,微信余额,6DFB2542-96D8-48D7-8C3D-0D160900AD2D,,4375.80
B1A2A923-E6A1-4BD8-819F-186B7C22B7B2,吃饭,12.30,2025年04月08日 08:22:07,,支出,微信余额,6DFB2542-96D8-48D7-8C3D-0D160900AD2D,,4375.80
0C4CFEC1-F284-43C0-9501-95E116556D34,吃饭,16.00,2025年04月08日 12:14:56,,支出,微信余额,6DFB2542-96D8-48D7-8C3D-0D160900AD2D,,4375.80
B96CA346-7CB5-4C80-AA95-58834B0BF138,吃饭,11.70,2025年04月09日 08:38:14,,支出,微信余额,6DFB2542-96D8-48D7-8C3D-0D160900AD2D,,4375.80
96F06B8A-2CD6-4368-B142-76CF975BBD95,投资亏损,182.37,2025年04月09日 10:07:33,农业银行,支出,广发证券,010E252F-98A3-4823-818C-5F59C8CD47CE,,64384.71
E22B47F2-53EC-47F7-811D-BBEAA3308EEA,吃饭,26.80,2025年04月09日 11:57:52,,支出,微信余额,6DFB2542-96D8-48D7-8C3D-0D160900AD2D,,4375.80
405A160A-A528-458B-8D8B-F315A800753C,饮料,12.16,2025年04月09日 13:54:33,,支出,微信余额,6DFB2542-96D8-48D7-8C3D-0D160900AD2D,,4375.80
C58197DB-2929-4EF6-8B12-86EC888E2531,投资收益,113.38,2025年04月09日 14:22:01,美的,收入,广发证券,010E252F-98A3-4823-818C-5F59C8CD47CE,,64384.71
E09AC06A-F46B-4C95-A8D5-3E18C9031D20,投资亏损,90.00,2025年04月10日 09:33:53,,支出,广发证券,010E252F-98A3-4823-818C-5F59C8CD47CE,,64384.71
E7CACF85-2F36-49A2-9E5A-75B7CEC5101A,饮料,25.00,2025年04月10日 12:58:42,,支出,建行1977,51C1890B-1A81-4CBB-851C-7E68B5214EDE,,11601.75
B29D61B6-FEF8-4AF5-B6E8-E6111247098F,住房,332.95,2025年04月10日 20:10:32,,支出,建行2109,38650502-45C7-44BF-BDCD-DFED6315D68F,,31171.53
B377AD23-916A-4795-AF57-1570EA444439,吃饭,15.00,2025年04月11日 08:32:20,,支出,建行1977,51C1890B-1A81-4CBB-851C-7E68B5214EDE,,11601.75
77932E64-51CA-4FF4-A078-63D154155FA2,吃饭,24.00,2025年04月11日 14:49:50,,支出,微信余额,6DFB2542-96D8-48D7-8C3D-0D160900AD2D,,4375.80
46D66426-F98C-4184-B044-4461B7794F2B,饮料,20.00,2025年04月11日 14:49:55,,支出,微信余额,6DFB2542-96D8-48D7-8C3D-0D160900AD2D,,4375.80
633FE101-175A-479C-971F-7524B6130374,饮料,50.50,2025年04月11日 15:26:18,,支出,建行1977,51C1890B-1A81-4CBB-851C-7E68B5214EDE,,11601.75
096167F2-F894-4B20-AD28-A4E72C3260CB,育儿,163.00,2025年04月11日 16:34:14,走路裤,支出,建行2109,38650502-45C7-44BF-BDCD-DFED6315D68F,,31171.53
EA6A30ED-C9CE-48A8-8D14-CF3D1D0B7302,汽车,25.00,2025年04月12日 10:03:08,玻璃水,支出,建行1977,51C1890B-1A81-4CBB-851C-7E68B5214EDE,,11601.75
C2B5A6D1-FE9A-4CB7-AAA1-1CC7E72D418E,吃饭,1500.00,2025年04月12日 20:00:28,沅江水,支出,建行1977,51C1890B-1A81-4CBB-851C-7E68B5214EDE,,11601.75
C21BBAEC-DA6E-4DC8-9C2B-379AC461ED9C,饮料,41.50,2025年04月14日 12:16:18,,支出,建行1977,51C1890B-1A81-4CBB-851C-7E68B5214EDE,,11601.75
C3A2D770-1360-4BCB-A78F-03932C59B95F,投资收益,239.43,2025年04月14日 13:35:53,鼎龙股份,收入,广发证券,010E252F-98A3-4823-818C-5F59C8CD47CE,,64384.71
5818F93A-0FE2-40F5-A0E5-ECF8BC74B19A,零食,17.70,2025年04月14日 21:28:20,,支出,建行2109,38650502-45C7-44BF-BDCD-DFED6315D68F,,31171.53
C0028B18-7440-4697-9B11-6E3E4C5CCB7C,吃饭,9.90,2025年04月15日 08:20:10,,支出,微信余额,6DFB2542-96D8-48D7-8C3D-0D160900AD2D,,4375.80
7B6E563C-A028-4EC3-B3EC-C78751814A25,投资亏损,123.54,2025年04月15日 10:16:45,中国海防,支出,广发证券,010E252F-98A3-4823-818C-5F59C8CD47CE,,64384.71
0A580913-3CEA-495B-9EC8-216BA18E8A89,投资亏损,205.54,2025年04月15日 10:17:09,紫光国微,支出,广发证券,010E252F-98A3-4823-818C-5F59C8CD47CE,,64384.71
DA3EC92F-A3B9-402A-9B78-995D7CBF7461,吃饭,21.90,2025年04月15日 12:03:09,,支出,微信余额,6DFB2542-96D8-48D7-8C3D-0D160900AD2D,,4375.80
3019F824-8466-4026-8527-6209EB404CA6,网吧,21.00,2025年04月15日 12:39:45,,支出,微信余额,6DFB2542-96D8-48D7-8C3D-0D160900AD2D,,4375.80
80ECC0F1-AD10-4140-89EC-9070B87233D2,投资收益,51.34,2025年04月16日 10:27:00,美的集团,收入,广发证券,010E252F-98A3-4823-818C-5F59C8CD47CE,,64384.71
B42C7810-24D1-48EA-82A1-D5354E47C160,吃饭,7.00,2025年04月16日 10:28:00,,支出,微信余额,6DFB2542-96D8-48D7-8C3D-0D160900AD2D,,4375.80
228F176F-92AF-49DA-84A0-F41C2A431F05,投资亏损,53.15,2025年04月18日 10:26:19,诺德股份,支出,广发证券,010E252F-98A3-4823-818C-5F59C8CD47CE,,64384.71
35D061A8-575D-47C7-8AE4-0ACC670BA258,吃饭,16.00,2025年04月18日 12:13:41,,支出,建行1977,51C1890B-1A81-4CBB-851C-7E68B5214EDE,,11601.75
6EA7921B-4F57-4E5C-AA33-86CF8CB91D7A,调整支出,35.80,2025年04月18日 12:14:25,,支出,微信余额,6DFB2542-96D8-48D7-8C3D-0D160900AD2D,,4375.80
0F1CF526-0BF5-4EBC-8D56-30367EC19265,工资,7416.19,2025年04月18日 16:19:02,,收入,建行1977,51C1890B-1A81-4CBB-851C-7E68B5214EDE,,11601.75
28B8DD78-A445-42E6-B665-025629821331,吃饭,100.00,2025年04月19日 15:51:51,,支出,建行1977,51C1890B-1A81-4CBB-851C-7E68B5214EDE,,11601.75
540B255C-63B3-4169-BC41-DB1545B861E7,吃饭,9.90,2025年04月21日 08:15:22,,支出,建行1977,51C1890B-1A81-4CBB-851C-7E68B5214EDE,,11601.75
EA3F0804-2061-4C80-B23D-4D81C088B713,投资收益,128.84,2025年04月21日 09:58:55,光线传媒,收入,广发证券,010E252F-98A3-4823-818C-5F59C8CD47CE,,64384.71
470F6173-BF3C-4AD0-B489-CEF6840DE973,投资亏损,23.00,2025年04月21日 10:22:48,华发股份,支出,广发证券,010E252F-98A3-4823-818C-5F59C8CD47CE,,64384.71
17C3CD03-EA1F-4B3E-B0FB-3E9F099852EF,网吧,91.00,2025年04月21日 12:19:04,,支出,建行1977,51C1890B-1A81-4CBB-851C-7E68B5214EDE,,11601.75
43269F56-48E3-4182-B0D1-D3162EE74699,吃饭,9.90,2025年04月22日 08:22:21,,支出,建行1977,51C1890B-1A81-4CBB-851C-7E68B5214EDE,,11601.75
C7FDFCE9-B757-4E50-95F7-A8384216FB50,投资亏损,500.00,2025年04月22日 10:45:07,光线传媒,支出,广发证券,010E252F-98A3-4823-818C-5F59C8CD47CE,,64384.71
15710C97-9DCA-480E-9A84-3705FA949EBA,订阅,68.00,2025年04月22日 19:00:00,Apple Cloud,支出,微信余额,6DFB2542-96D8-48D7-8C3D-0D160900AD2D,,4375.80
B777F23A-5D23-4075-94AC-43A0E2B93C5E,饮料,21.00,2025年04月22日 21:12:54,,支出,建行1977,51C1890B-1A81-4CBB-851C-7E68B5214EDE,,11601.75
A6033A34-798A-4434-85CE-C662B8D7BADD,吃饭,9.90,2025年04月23日 08:18:28,,支出,建行1977,51C1890B-1A81-4CBB-851C-7E68B5214EDE,,11601.75
C61FAFD6-227A-4E56-9EF9-8BD96BA12772,吃饭,16.00,2025年04月23日 12:23:00,,支出,建行1977,51C1890B-1A81-4CBB-851C-7E68B5214EDE,,11601.75
C647F66B-B9D8-44B3-8629-D685DF78DD97,吃饭,9.90,2025年04月24日 08:22:40,,支出,建行1977,51C1890B-1A81-4CBB-851C-7E68B5214EDE,,11601.75
5A7222F4-E442-40D5-AD9D-F4109C3F6332,饮料,21.00,2025年04月24日 12:24:00,,支出,建行1977,51C1890B-1A81-4CBB-851C-7E68B5214EDE,,11601.75
286AA036-2CD8-4F22-9080-8D4C02FE5DF1,饮料,12.50,2025年04月24日 20:48:58,,支出,建行1977,51C1890B-1A81-4CBB-851C-7E68B5214EDE,,11601.75
9216A65B-DC97-4CA7-B960-3B1E96AEEB35,电器数码,1359.00,2025年04月24日 21:28:00,boox leaf5,支出,建行1977,51C1890B-1A81-4CBB-851C-7E68B5214EDE,,11601.75
F18B11D1-BE2A-4EDC-9A0C-839D494FE975,吃饭,9.90,2025年04月25日 08:24:31,,支出,建行1977,51C1890B-1A81-4CBB-851C-7E68B5214EDE,,11601.75
C62AA8D7-A4B2-4FBD-A291-99CBA125D147,服饰,109.00,2025年04月25日 11:27:00,回力,支出,建行1977,51C1890B-1A81-4CBB-851C-7E68B5214EDE,,11601.75
D0113324-1A67-42B0-8590-937DA7897CEE,饮料,23.50,2025年04月27日 13:56:19,,支出,建行1977,51C1890B-1A81-4CBB-851C-7E68B5214EDE,,11601.75
F13BAEFD-2A52-46AB-BDD5-E3C2CDA1FDF1,通讯,100.00,2025年04月27日 17:25:34,,支出,建行1977,51C1890B-1A81-4CBB-851C-7E68B5214EDE,,11601.75
768236B7-C592-4C63-B727-68A563297F8F,饮料,11.41,2025年04月27日 21:08:32,,支出,建行1977,51C1890B-1A81-4CBB-851C-7E68B5214EDE,,11601.75
4ECE37FB-3BF1-4170-9C8A-5B3D0CEE6E47,吃饭,13.50,2025年04月28日 08:23:18,,支出,建行1977,51C1890B-1A81-4CBB-851C-7E68B5214EDE,,11601.75
DAB9F817-1E27-44E5-8845-C85DE31884D8,吃饭,3.00,2025年04月28日 11:58:16,,支出,建行1977,51C1890B-1A81-4CBB-851C-7E68B5214EDE,,11601.75
6EEBECDF-9BA4-47C3-A6CB-8A0A12D33E96,饮料,16.50,2025年04月28日 11:59:11,,支出,建行1977,51C1890B-1A81-4CBB-851C-7E68B5214EDE,,11601.75
3374C58B-6A90-40A8-9A8F-25261EAF77FC,吃饭,9.90,2025年04月29日 08:22:16,,支出,建行1977,51C1890B-1A81-4CBB-851C-7E68B5214EDE,,11601.75
291F89C7-5219-4DAC-8CF8-0EB1AEA0B277,投资亏损,170.00,2025年04月29日 09:50:15,中国核电,支出,广发证券,010E252F-98A3-4823-818C-5F59C8CD47CE,,64384.71
C09C9A6D-9AE4-4B24-934C-106F8D63D336,吃饭,18.00,2025年04月30日 11:44:06,,支出,建行1977,51C1890B-1A81-4CBB-851C-7E68B5214EDE,,11601.75
FBA46F59-215E-4A7A-BA22-2F0787E688F8,饮料,16.50,2025年04月30日 12:10:38,,支出,建行1977,51C1890B-1A81-4CBB-851C-7E68B5214EDE,,11601.75
8047929B-6A8A-48F7-829F-30DEE15717BE,吃饭,15.00,2025年05月01日 08:48:13,,支出,建行1977,51C1890B-1A81-4CBB-851C-7E68B5214EDE,,11601.75
3174C87B-17CF-45E0-B45F-0C25A33402B4,副业收入,2700.00,2025年05月01日 18:29:34,,收入,微信余额,6DFB2542-96D8-48D7-8C3D-0D160900AD2D,,4375.80
01D8CF9B-2603-47B8-B41E-22080A8BA45E,吃饭,17.70,2025年05月01日 18:55:37,,支出,微信余额,6DFB2542-96D8-48D7-8C3D-0D160900AD2D,,4375.80
C3C1E982-29B8-4A67-BBDC-751D7D1595BA,育儿,29.90,2025年05月02日 11:47:34,球,支出,微信余额,6DFB2542-96D8-48D7-8C3D-0D160900AD2D,,4375.80
33C050FD-B8C1-48D1-80A5-E2A5C4AFC718,吃饭,29.00,2025年05月02日 12:32:51,,支出,微信余额,6DFB2542-96D8-48D7-8C3D-0D160900AD2D,,4375.80
D8B7654C-2535-4FD6-8093-A2806B5534FE,饮料,18.00,2025年05月02日 20:37:00,,支出,微信余额,6DFB2542-96D8-48D7-8C3D-0D160900AD2D,,4375.80
86802EA8-817A-46E1-A94D-505D53111C5A,公积金,3662.00,2025年05月03日 00:00:00,,收入,建行1977,51C1890B-1A81-4CBB-851C-7E68B5214EDE,,11601.75
A0294000-CD8D-46BD-A810-6679DF0CF390,通讯,200.00,2025年05月03日 14:58:40,,支出,建行2109,38650502-45C7-44BF-BDCD-DFED6315D68F,,31171.53
A42A9D78-0975-4FE8-A884-B9D9427864B5,吃饭,118.80,2025年05月04日 14:38:00,,支出,微信余额,6DFB2542-96D8-48D7-8C3D-0D160900AD2D,,4375.80
A24949EC-0449-4578-9585-FA7472CD63CE,吃饭,18.00,2025年05月04日 20:38:00,,支出,微信余额,6DFB2542-96D8-48D7-8C3D-0D160900AD2D,,4375.80
8F2FC7AA-B8C9-4F2C-9838-34F20DEB61B8,学习,9.00,2025年05月06日 14:39:10,微信读书,支出,微信余额,6DFB2542-96D8-48D7-8C3D-0D160900AD2D,,4375.80
DD77597E-B5D3-491B-B798-757DFA9462C2,吃饭,16.00,2025年05月06日 14:39:23,,支出,微信余额,6DFB2542-96D8-48D7-8C3D-0D160900AD2D,,4375.80
22D91BB1-5774-42A4-9B84-259154D71011,饮料,16.50,2025年05月06日 14:39:35,,支出,建行1977,51C1890B-1A81-4CBB-851C-7E68B5214EDE,,11601.75
1C36C3D1-6074-4E85-A63A-4F4F496F16B7,转账支出,3000.00,2025年05月07日 00:00:00,家庭,支出,建行1977,51C1890B-1A81-4CBB-851C-7E68B5214EDE,,11601.75
1E0A0FA3-6371-4445-AB23-AC5ADB90ECA2,吃饭,15.00,2025年05月07日 08:30:01,,支出,微信余额,6DFB2542-96D8-48D7-8C3D-0D160900AD2D,,4375.80
9C0A1E23-09A1-4DBD-8986-BDD2E9E35597,住房,447.70,2025年05月07日 09:12:43,,支出,建行2109,38650502-45C7-44BF-BDCD-DFED6315D68F,,31171.53
5EA08F18-5777-446B-BE90-03E243FE19D8,吃饭,9.90,2025年05月07日 12:03:08,,支出,微信余额,6DFB2542-96D8-48D7-8C3D-0D160900AD2D,,4375.80
BAD9DEA3-05C1-444F-B6FF-5D5F057DED70,饮料,16.50,2025年05月07日 12:21:50,,支出,建行1977,51C1890B-1A81-4CBB-851C-7E68B5214EDE,,11601.75
8C558438-41D4-4064-A52E-F1E6D77481BA,住房,5888.87,2025年05月07日 15:53:00,房贷,支出,建行2109,38650502-45C7-44BF-BDCD-DFED6315D68F,,31171.53
D481166A-5987-4CD0-84E6-81E8B1C8D982,网吧,188.00,2025年05月07日 17:27:13,,支出,建行1977,51C1890B-1A81-4CBB-851C-7E68B5214EDE,,11601.75
9026A597-9797-4F81-A77C-F1840EBFFAFB,吃饭,24.00,2025年05月07日 18:45:13,,支出,微信余额,6DFB2542-96D8-48D7-8C3D-0D160900AD2D,,4375.80
419F9E46-6044-45BC-A933-41D071EF9982,吃饭,11.90,2025年05月08日 12:00:37,,支出,微信余额,6DFB2542-96D8-48D7-8C3D-0D160900AD2D,,4375.80
3051D8E9-BF21-4BBB-97F0-17968A4A4A52,饮料,16.50,2025年05月08日 12:01:28,,支出,建行1977,51C1890B-1A81-4CBB-851C-7E68B5214EDE,,11601.75
068B4B60-07FF-45BA-A8C7-96EC47B7D625,吃饭,21.70,2025年05月09日 08:23:39,早餐卡,支出,微信余额,6DFB2542-96D8-48D7-8C3D-0D160900AD2D,,4375.80
7047DDE2-77D0-4CF0-A855-E5D577571724,住房,419.34,2025年05月09日 20:07:49,,支出,建行2109,38650502-45C7-44BF-BDCD-DFED6315D68F,,31171.53
08B732B0-F4C7-45FD-ABD2-7CE8BB3A31D1,运动,19.90,2025年05月09日 21:15:56,,支出,微信余额,6DFB2542-96D8-48D7-8C3D-0D160900AD2D,,4375.80
25FF1D7E-7DEC-4A48-A74B-59AB163A474C,饮料,11.00,2025年05月11日 21:15:36,,支出,建行1977,51C1890B-1A81-4CBB-851C-7E68B5214EDE,,11601.75
D4E58A9A-AD28-48A1-BB1C-037614E014AD,吃饭,9.80,2025年05月12日 08:18:23,,支出,建行1977,51C1890B-1A81-4CBB-851C-7E68B5214EDE,,11601.75
16AE084F-449E-4981-80D0-4DF281E1874D,吃饭,12.00,2025年05月12日 11:44:06,,支出,微信余额,6DFB2542-96D8-48D7-8C3D-0D160900AD2D,,4375.80
129BCA71-F701-4187-B946-EB49ABA959F1,饮料,16.50,2025年05月12日 11:44:15,,支出,建行1977,51C1890B-1A81-4CBB-851C-7E68B5214EDE,,11601.75
FCE2BBF7-512B-408B-9723-BC5AD4A20D1A,宠物,35.00,2025年05月12日 21:19:06,,支出,建行2109,38650502-45C7-44BF-BDCD-DFED6315D68F,,31171.53
2DF948D9-F3DD-4AB5-AEBD-B6BEAD6941FD,理发,30.00,2025年05月12日 21:50:23,,支出,建行1977,51C1890B-1A81-4CBB-851C-7E68B5214EDE,,11601.75
7481E8BC-0543-498F-862C-EE7EC5A774EE,吃饭,24.00,2025年05月13日 11:32:50,,支出,微信余额,6DFB2542-96D8-48D7-8C3D-0D160900AD2D,,4375.80
683B9A53-1A7A-4625-8912-3AF911D0F7F2,饮料,16.50,2025年05月13日 11:32:55,,支出,建行1977,51C1890B-1A81-4CBB-851C-7E68B5214EDE,,11601.75
B583E358-8D77-4671-9122-A2A5A8C1D9EB,吃饭,9.90,2025年05月14日 08:23:51,,支出,微信余额,6DFB2542-96D8-48D7-8C3D-0D160900AD2D,,4375.80
E9B85B7C-2C25-4313-A90E-27396E57F628,投资亏损,143.00,2025年05月14日 10:00:44,歌尔股份,支出,广发证券,010E252F-98A3-4823-818C-5F59C8CD47CE,,64384.71
63684C56-48C9-4148-B772-37C2E8D14DB0,投资亏损,33.50,2025年05月14日 10:01:05,顺丰,支出,广发证券,010E252F-98A3-4823-818C-5F59C8CD47CE,,64384.71
CF97A08E-5BD9-4211-B76D-DC316695DEA1,投资收益,66.50,2025年05月14日 10:03:34,紫光国威,收入,广发证券,010E252F-98A3-4823-818C-5F59C8CD47CE,,64384.71
0D7C8507-D6DA-4D06-837D-C9C441772B95,吃饭,17.00,2025年05月14日 11:58:28,,支出,微信余额,6DFB2542-96D8-48D7-8C3D-0D160900AD2D,,4375.80
A4014087-550E-4D24-91F9-DF3AE7354B4E,饮料,16.50,2025年05月14日 12:19:00,,支出,建行1977,51C1890B-1A81-4CBB-851C-7E68B5214EDE,,11601.75
2A4704A7-5D74-44DD-843B-EEF4ABE6057B,吃饭,7.50,2025年05月15日 08:26:18,,支出,微信余额,6DFB2542-96D8-48D7-8C3D-0D160900AD2D,,4375.80
7E56F022-6217-48A4-86F8-F69B0823584E,吃饭,3.90,2025年05月15日 14:14:22,,支出,微信余额,6DFB2542-96D8-48D7-8C3D-0D160900AD2D,,4375.80
9C0D9382-23E9-4CF9-BFBE-8D9043B5DD19,吃饭,9.90,2025年05月16日 08:21:10,,支出,微信余额,6DFB2542-96D8-48D7-8C3D-0D160900AD2D,,4375.80
2075F708-54A5-42B3-A7FC-C51C7D203890,吃饭,12.00,2025年05月16日 11:50:32,,支出,微信余额,6DFB2542-96D8-48D7-8C3D-0D160900AD2D,,4375.80
9DB9F4D3-EEB3-46B3-A5FD-EE97AD360E8D,饮料,16.50,2025年05月16日 12:11:43,,支出,建行1977,51C1890B-1A81-4CBB-851C-7E68B5214EDE,,11601.75
28988DC4-3F54-422A-BA88-0FDEC400DB71,工资,4912.00,2025年05月16日 17:44:20,,收入,建行1977,51C1890B-1A81-4CBB-851C-7E68B5214EDE,,11601.75
91773C38-660A-42DE-8326-F0E6442CE6CB,吃饭,186.00,2025年05月18日 13:30:11,,支出,微信余额,6DFB2542-96D8-48D7-8C3D-0D160900AD2D,,4375.80
4164D713-9B93-4B5D-9CD9-1CA41320E39C,礼物,2058.00,2025年05月18日 15:07:54,墨镜523,支出,微信余额,6DFB2542-96D8-48D7-8C3D-0D160900AD2D,,4375.80
7D2FF1C4-464A-46C7-9934-47B735211D38,吃饭,9.90,2025年05月19日 08:56:10,,支出,微信余额,6DFB2542-96D8-48D7-8C3D-0D160900AD2D,,4375.80
BC10B81F-1632-4B52-9CD9-344779D92F55,吃饭,18.00,2025年05月19日 11:48:40,,支出,微信余额,6DFB2542-96D8-48D7-8C3D-0D160900AD2D,,4375.80
764C64C1-5F0A-4636-A01A-2A2C075C75DD,饮料,16.50,2025年05月19日 12:09:43,,支出,建行1977,51C1890B-1A81-4CBB-851C-7E68B5214EDE,,11601.75
E2023393-0616-4A46-9C88-40D6FCF27027,住房,50.00,2025年05月19日 17:58:09,补办身份证,支出,建行1977,51C1890B-1A81-4CBB-851C-7E68B5214EDE,,11601.75
5E454A35-0A6E-47CF-8BEF-0D10ADF35027,吃饭,9.90,2025年05月20日 08:20:43,,支出,微信余额,6DFB2542-96D8-48D7-8C3D-0D160900AD2D,,4375.80
4CC112CD-BD28-4427-9E41-26E21FF5C6F3,吃饭,12.00,2025年05月20日 12:49:40,,支出,微信余额,6DFB2542-96D8-48D7-8C3D-0D160900AD2D,,4375.80
7E73F77C-8D33-4613-ACB8-63CD6A9D6278,饮料,16.50,2025年05月20日 12:49:48,,支出,建行1977,51C1890B-1A81-4CBB-851C-7E68B5214EDE,,11601.75
2EA0F26D-8276-4F1F-92F5-D3B3532F1E82,吃饭,9.90,2025年05月21日 08:22:27,,支出,微信余额,6DFB2542-96D8-48D7-8C3D-0D160900AD2D,,4375.80
B2AB8288-26D0-48DA-AA0E-52BEE1D48085,投资亏损,478.79,2025年05月21日 09:38:58,东方中科,支出,广发证券,010E252F-98A3-4823-818C-5F59C8CD47CE,,64384.71
6E102603-91F0-4AD8-A5ED-95D7496F1064,旅游交通,68.00,2025年05月21日 12:21:44,通行证回执,支出,微信余额,6DFB2542-96D8-48D7-8C3D-0D160900AD2D,,4375.80
569B1926-C114-47EF-B60A-979F5CCFEFE5,旅游交通,75.00,2025年05月21日 12:32:15,通行证,支出,建行1977,51C1890B-1A81-4CBB-851C-7E68B5214EDE,,11601.75
8AA4C9EB-D1A4-406B-9CFD-C2A4F2DCC810,吃饭,12.00,2025年05月21日 12:45:11,,支出,微信余额,6DFB2542-96D8-48D7-8C3D-0D160900AD2D,,4375.80
F03429A7-F877-43ED-909A-4D51E7282264,饮料,16.50,2025年05月21日 12:56:44,,支出,建行1977,51C1890B-1A81-4CBB-851C-7E68B5214EDE,,11601.75
36FD0261-423D-4F69-A05A-83EC25DF1723,吃饭,9.90,2025年05月22日 08:21:27,,支出,微信余额,6DFB2542-96D8-48D7-8C3D-0D160900AD2D,,4375.80
4C0D55EE-524D-49BF-AD46-F8E09F326BBC,吃饭,20.00,2025年05月22日 12:38:48,,支出,建行1977,51C1890B-1A81-4CBB-851C-7E68B5214EDE,,11601.75
B6E21189-53E1-4B7E-B27F-8056B4BB15CF,订阅,68.00,2025年05月22日 19:00:00,Apple Cloud,支出,微信余额,6DFB2542-96D8-48D7-8C3D-0D160900AD2D,,4375.80
D73CC3A5-817E-4443-A667-2B140A3E1FAE,吃饭,12.30,2025年05月23日 08:25:29,,支出,建行1977,51C1890B-1A81-4CBB-851C-7E68B5214EDE,,11601.75
D990D46D-1EC4-4775-BAC1-0421217FDFE4,吃饭,18.00,2025年05月23日 11:45:59,,支出,微信余额,6DFB2542-96D8-48D7-8C3D-0D160900AD2D,,4375.80
CBD3DF98-70C9-459C-8881-709F8E22C406,饮料,16.50,2025年05月23日 12:09:12,,支出,建行1977,51C1890B-1A81-4CBB-851C-7E68B5214EDE,,11601.75
1ABF3E3D-8163-4F5B-A5A0-4F6951F2BAC0,吃饭,12.30,2025年05月24日 08:42:34,,支出,微信余额,6DFB2542-96D8-48D7-8C3D-0D160900AD2D,,4375.80
4A3B51C1-1F17-4086-AE61-009E5E9C0BCD,饮料,4.00,2025年05月24日 14:13:50,,支出,建行1977,51C1890B-1A81-4CBB-851C-7E68B5214EDE,,11601.75
13C726D2-CBCF-4FBA-9A10-3E857FB064C4,日用,207.90,2025年05月25日 14:26:10,相纸,支出,建行1977,51C1890B-1A81-4CBB-851C-7E68B5214EDE,,11601.75
D2CC0C0C-BCA2-4BBB-974A-824306EBDA63,宠物,32.90,2025年05月25日 15:20:35,虾,支出,建行1977,51C1890B-1A81-4CBB-851C-7E68B5214EDE,,11601.75
A5C8FF05-C8C6-4B49-9000-C1BB08A5C53C,吃饭,9.90,2025年05月26日 08:23:40,,支出,建行1977,51C1890B-1A81-4CBB-851C-7E68B5214EDE,,11601.75
C98265B6-E234-4B28-90DD-D36CF6E195B5,吃饭,17.00,2025年05月26日 11:59:48,,支出,建行1977,51C1890B-1A81-4CBB-851C-7E68B5214EDE,,11601.75
EDBC58B4-8AC1-4564-A264-1959CF2AD701,饮料,16.50,2025年05月26日 12:23:26,,支出,建行1977,51C1890B-1A81-4CBB-851C-7E68B5214EDE,,11601.75
683114DB-DC60-44C4-AD33-FF6CD84018DE,奖金,9700.00,2025年05月26日 18:28:13,董事奖励金,收入,建行1977,51C1890B-1A81-4CBB-851C-7E68B5214EDE,,11601.75
556D9224-88C3-435B-997F-BB466364BF68,零食,21.90,2025年05月27日 00:15:29,,支出,建行1977,51C1890B-1A81-4CBB-851C-7E68B5214EDE,,11601.75
8F0DA750-71C7-4CD8-A9FC-C53C0A23B5A5,吃饭,10.20,2025年05月27日 08:24:12,,支出,建行1977,51C1890B-1A81-4CBB-851C-7E68B5214EDE,,11601.75
52D4DFDF-F0A4-4C1C-B2AB-AAD1563DB1F6,投资亏损,200.00,2025年05月27日 09:41:50,长电科技,支出,广发证券,010E252F-98A3-4823-818C-5F59C8CD47CE,,64384.71
B9338362-DADB-438B-87F8-5FDAD8018883,转账支出,350.00,2025年05月27日 16:05:00,公司捐款保险,支出,建行1977,51C1890B-1A81-4CBB-851C-7E68B5214EDE,,11601.75
0C85C037-C47A-4A4D-B728-5B9DAE70C2E5,吃饭,12.00,2025年05月27日 20:05:00,,支出,微信余额,6DFB2542-96D8-48D7-8C3D-0D160900AD2D,,4375.80
4D00FD09-9439-4E05-8BE1-71E68EE14D70,饮料,9.90,2025年05月28日 12:03:00,,支出,微信余额,6DFB2542-96D8-48D7-8C3D-0D160900AD2D,,4375.80
908630E5-5A32-4C83-A320-D15699D5ADF5,吃饭,16.00,2025年05月28日 12:04:00,,支出,微信余额,6DFB2542-96D8-48D7-8C3D-0D160900AD2D,,4375.80
F018A94A-783D-4677-AAC4-21AB6CFC49A3,吃饭,10.20,2025年05月29日 09:03:00,,支出,建行1977,51C1890B-1A81-4CBB-851C-7E68B5214EDE,,11601.75
A7378657-577D-4936-8752-7BE2AFBBC6B2,吃饭,32.00,2025年05月29日 16:03:02,,支出,建行1977,51C1890B-1A81-4CBB-851C-7E68B5214EDE,,11601.75
5AD7BB74-7AA1-4117-8025-636BC16DFCAE,饮料,43.00,2025年05月29日 16:03:14,,支出,建行1977,51C1890B-1A81-4CBB-851C-7E68B5214EDE,,11601.75
5228A443-977B-4725-9349-DB53E2E2E36B,吃饭,9.90,2025年05月30日 08:22:06,,支出,微信余额,6DFB2542-96D8-48D7-8C3D-0D160900AD2D,,4375.80
11CA858A-409C-4152-97E7-C4D9C1541E94,投资收益,650.00,2025年05月30日 13:35:00,华大九天,收入,广发证券,010E252F-98A3-4823-818C-5F59C8CD47CE,,64384.71
A7A2E5B1-DA81-440E-A048-FEA1BE19A308,吃饭,12.00,2025年05月30日 13:35:16,,支出,建行1977,51C1890B-1A81-4CBB-851C-7E68B5214EDE,,11601.75
153D3473-5720-4919-A4DE-2DF89DED01B7,饮料,14.00,2025年05月30日 13:35:24,,支出,建行1977,51C1890B-1A81-4CBB-851C-7E68B5214EDE,,11601.75
3C049D99-5384-4592-BB03-0FD8288AB73A,吃饭,74.00,2025年05月31日 13:29:51,,支出,建行1977,51C1890B-1A81-4CBB-851C-7E68B5214EDE,,11601.75
73723825-F732-4EC3-8A7D-2914B79EAB2A,玩具,29.00,2025年05月31日 17:46:53,冰箱贴,支出,建行1977,51C1890B-1A81-4CBB-851C-7E68B5214EDE,,11601.75
C332ABF3-5D5B-4F8B-B658-EFBBEF81D8BE,吃饭,108.60,2025年05月31日 19:10:43,,支出,建行1977,51C1890B-1A81-4CBB-851C-7E68B5214EDE,,11601.75
CD3330BB-76C9-4B67-96F7-4229C6A2B7BE,旅游交通,80.00,2025年06月01日 23:14:45,一周一次澳门通行证,支出,建行1977,51C1890B-1A81-4CBB-851C-7E68B5214EDE,,11601.75
5581E538-0D2A-45AD-93CB-C6241CAAF633,公积金,3662.00,2025年06月03日 00:00:00,,收入,建行1977,51C1890B-1A81-4CBB-851C-7E68B5214EDE,,11601.75
3F6EC7C2-E5D5-4840-8FDA-20D38057EC5F,吃饭,9.90,2025年06月03日 08:20:33,,支出,建行1977,51C1890B-1A81-4CBB-851C-7E68B5214EDE,,11601.75
486B94F9-AB46-41F3-8516-2C3568917B00,通讯,100.00,2025年06月03日 10:47:22,,支出,建行2109,38650502-45C7-44BF-BDCD-DFED6315D68F,,31171.53
9DAE9F04-37C5-4AC9-8F78-A57E1CC535D5,饮料,16.00,2025年06月03日 12:30:48,,支出,建行1977,51C1890B-1A81-4CBB-851C-7E68B5214EDE,,11601.75
7A079C8D-8244-4AF2-8663-84F1E2D29A28,订阅,63.90,2025年06月03日 22:47:10,VPN vtwo,支出,建行1977,51C1890B-1A81-4CBB-851C-7E68B5214EDE,,11601.75
F1220DE9-9080-47F3-B359-2AC10386DABA,日用,16.80,2025年06月04日 00:03:57,植物营养液,支出,建行1977,51C1890B-1A81-4CBB-851C-7E68B5214EDE,,11601.75
E2C6C338-0B1D-48BB-8ACC-04BF935CFEE1,投资亏损,227.00,2025年06月04日 11:23:33,美的,支出,广发证券,010E252F-98A3-4823-818C-5F59C8CD47CE,,64384.71
AFF868C8-7B26-4D92-ABFF-A1BA156A41AC,饮料,16.00,2025年06月04日 12:57:48,,支出,建行1977,51C1890B-1A81-4CBB-851C-7E68B5214EDE,,11601.75
513B802A-F896-41CB-A8E0-D521B53012B8,吃饭,16.00,2025年06月04日 12:57:52,,支出,建行1977,51C1890B-1A81-4CBB-851C-7E68B5214EDE,,11601.75
6D938F18-73F0-4EB0-92F5-A6325392CC8A,零食,19.90,2025年06月04日 17:42:33,,支出,建行1977,51C1890B-1A81-4CBB-851C-7E68B5214EDE,,11601.75
56610993-747E-48C0-9CD8-C5F6490DA660,吃饭,16.00,2025年06月05日 12:31:07,,支出,建行1977,51C1890B-1A81-4CBB-851C-7E68B5214EDE,,11601.75
88B3EB04-6529-47AE-AA47-B3C9A0695238,饮料,14.00,2025年06月05日 12:31:09,,支出,建行1977,51C1890B-1A81-4CBB-851C-7E68B5214EDE,,11601.75
A036D9A5-4D5B-4FAB-BCB8-4B44250D4192,网吧,99.00,2025年06月05日 12:34:00,,支出,建行1977,51C1890B-1A81-4CBB-851C-7E68B5214EDE,,11601.75
D0301078-AB65-49FB-B30A-23A3E643DB82,学习,5.00,2025年06月05日 18:11:02,微信读书挑战,支出,建行1977,51C1890B-1A81-4CBB-851C-7E68B5214EDE,,11601.75
7D948561-AFD6-4B1C-811B-CDB1BA0F7C71,吃饭,9.90,2025年06月06日 08:24:24,,支出,微信余额,6DFB2542-96D8-48D7-8C3D-0D160900AD2D,,4375.80
9271407D-2368-4D18-A359-422D056BE1D5,吃饭,16.00,2025年06月06日 12:23:59,,支出,微信余额,6DFB2542-96D8-48D7-8C3D-0D160900AD2D,,4375.80
85D03D62-C09C-4198-A720-231A31D582AA,饮料,16.00,2025年06月06日 12:27:53,,支出,建行1977,51C1890B-1A81-4CBB-851C-7E68B5214EDE,,11601.75
6875D9EA-73F8-493E-A70E-C43997937DF5,转账支出,3000.00,2025年06月07日 00:00:00,家庭,支出,建行1977,51C1890B-1A81-4CBB-851C-7E68B5214EDE,,11601.75
CE2F1A10-EFD5-44E9-A00D-1D645BECC44D,住房,5888.87,2025年06月07日 15:53:00,房贷,支出,建行2109,38650502-45C7-44BF-BDCD-DFED6315D68F,,31171.53
5830FBE5-EB48-4210-9611-07C0F2544F06,电器数码,56.00,2025年06月08日 14:08:46,,支出,建行1977,51C1890B-1A81-4CBB-851C-7E68B5214EDE,,11601.75
F188DAE4-C5BD-4AA1-9721-6AEF48CA4DF0,日用,193.00,2025年06月08日 23:03:43,滤芯ppc5,支出,建行1977,51C1890B-1A81-4CBB-851C-7E68B5214EDE,,11601.75
C06716C7-C280-4938-83DE-951FF19EAAA8,日用,81.00,2025年06月09日 00:02:30,新风滤芯,支出,建行1977,51C1890B-1A81-4CBB-851C-7E68B5214EDE,,11601.75
F1F63CB0-F93E-405B-836F-425BFAF89346,住房,620.71,2025年06月09日 20:21:20,电费,支出,建行2109,38650502-45C7-44BF-BDCD-DFED6315D68F,,31171.53
C6C701B6-3BB8-4C7A-85AD-528EC7A7DD77,吃饭,12.00,2025年06月10日 12:26:39,,支出,微信余额,6DFB2542-96D8-48D7-8C3D-0D160900AD2D,,4375.80
53120AF5-66CD-490C-9632-EC6487B89DC5,饮料,17.00,2025年06月10日 12:30:39,,支出,建行1977,51C1890B-1A81-4CBB-851C-7E68B5214EDE,,11601.75
CE5B57C1-8A6D-4291-B78C-AB017628B656,吃饭,9.90,2025年06月11日 08:21:14,,支出,微信余额,6DFB2542-96D8-48D7-8C3D-0D160900AD2D,,4375.80
1DE45325-99A1-4A1A-83A2-BAA8836C5773,吃饭,6.00,2025年06月11日 12:05:00,,支出,微信余额,6DFB2542-96D8-48D7-8C3D-0D160900AD2D,,4375.80
B6611C49-9BE9-4369-9DDE-5B96DF9DCAD5,吃饭,30.00,2025年06月11日 18:12:00,,支出,建行1977,51C1890B-1A81-4CBB-851C-7E68B5214EDE,,11601.75
A3337CB8-A51C-4E17-9F25-2490702E55B7,饮料,17.00,2025年06月11日 18:33:44,,支出,建行1977,51C1890B-1A81-4CBB-851C-7E68B5214EDE,,11601.75
E4E463DE-841D-4139-B62E-6C5CAABB64D3,投资收益,173.39,2025年06月12日 10:23:58,北方稀土,收入,广发证券,010E252F-98A3-4823-818C-5F59C8CD47CE,,64384.71
9917B861-8284-49E1-89A3-79C746D9C2AF,吃饭,17.00,2025年06月12日 11:56:31,,支出,微信余额,6DFB2542-96D8-48D7-8C3D-0D160900AD2D,,4375.80
D851252A-082F-44D0-B0CF-565DFB74153C,饮料,26.00,2025年06月12日 12:22:19,,支出,建行1977,51C1890B-1A81-4CBB-851C-7E68B5214EDE,,11601.75
F772F927-36EB-4B88-A3FD-3E8813E2D452,吃饭,20.00,2025年06月15日 00:25:00,,支出,建行1977,51C1890B-1A81-4CBB-851C-7E68B5214EDE,,11601.75
3D82889B-90BC-4E1E-9D75-888D2662BAF7,电器数码,663.00,2025年06月15日 10:24:00,iPhone13电池，以及屏幕,支出,建行1977,51C1890B-1A81-4CBB-851C-7E68B5214EDE,,11601.75
8C3CD32A-A7DA-487F-BB40-788FA0D61F19,玩具,74.50,2025年06月16日 00:26:25,瑞克和莫蒂,支出,建行1977,51C1890B-1A81-4CBB-851C-7E68B5214EDE,,11601.75
E6206592-D922-4798-9C38-4A07141EB1CD,吃饭,24.20,2025年06月16日 08:30:33,,支出,微信余额,6DFB2542-96D8-48D7-8C3D-0D160900AD2D,,4375.80
FEE24A37-4910-47D4-8027-BC195225BDC1,吃饭,25.00,2025年06月16日 12:20:25,,支出,微信余额,6DFB2542-96D8-48D7-8C3D-0D160900AD2D,,4375.80
C8EB9C6B-CEED-4A6A-9E75-B9122DE022C4,饮料,16.50,2025年06月16日 12:55:48,,支出,建行1977,51C1890B-1A81-4CBB-851C-7E68B5214EDE,,11601.75
043B8404-2158-470E-B414-3A91DAACEB87,吃饭,9.90,2025年06月17日 08:39:28,,支出,微信余额,6DFB2542-96D8-48D7-8C3D-0D160900AD2D,,4375.80
C7169086-8C0D-4A80-A976-01DF2C016199,饮料,16.50,2025年06月17日 12:16:23,,支出,建行1977,51C1890B-1A81-4CBB-851C-7E68B5214EDE,,11601.75
7CBA93B1-4689-455F-8185-4CE34EF8DB02,订阅,693.60,2025年06月18日 09:16:00,Apple Cloud 年费,支出,建行1977,51C1890B-1A81-4CBB-851C-7E68B5214EDE,,11601.75
C816E620-395B-4372-B5F5-FBAC1F91DCEB,吃饭,16.00,2025年06月18日 12:04:50,,支出,微信余额,6DFB2542-96D8-48D7-8C3D-0D160900AD2D,,4375.80
623D4F97-D0F8-4497-AD72-5A65EAB224F6,饮料,16.50,2025年06月18日 12:57:27,,支出,建行1977,51C1890B-1A81-4CBB-851C-7E68B5214EDE,,11601.75
7C48C0A1-4980-43B3-9B2E-A5CA37BDB691,工资,5500.00,2025年06月18日 17:29:12,,收入,建行1977,51C1890B-1A81-4CBB-851C-7E68B5214EDE,,11601.75
7B2785A8-1F8F-4122-B436-D1BA2A3679ED,工资,1933.37,2025年06月18日 17:29:24,,收入,建行1977,51C1890B-1A81-4CBB-851C-7E68B5214EDE,,11601.75
C571EF86-BB1B-4478-B975-5ADE8EA26526,吃饭,9.90,2025年06月19日 08:19:08,,支出,微信余额,6DFB2542-96D8-48D7-8C3D-0D160900AD2D,,4375.80
34A5DD18-93E9-4D0B-8BAC-7DA8CA6CCBEA,吃饭,12.00,2025年06月19日 12:06:24,,支出,微信余额,6DFB2542-96D8-48D7-8C3D-0D160900AD2D,,4375.80
B5ABBB07-1A85-4510-9570-2965A4B13FCA,网吧,90.00,2025年06月19日 12:11:49,,支出,建行1977,51C1890B-1A81-4CBB-851C-7E68B5214EDE,,11601.75
A084E39E-1B62-473C-8421-E691BF07E969,吃饭,16.00,2025年06月20日 12:09:25,,支出,微信余额,6DFB2542-96D8-48D7-8C3D-0D160900AD2D,,4375.80
9CFBA08B-4D45-4CB1-914D-5A0918E3A6E1,饮料,17.00,2025年06月20日 12:09:32,,支出,建行1977,51C1890B-1A81-4CBB-851C-7E68B5214EDE,,11601.75
1FCAFA69-A196-4CC0-A990-BDD88942B8C8,吃饭,9.90,2025年06月23日 09:57:15,,支出,微信余额,6DFB2542-96D8-48D7-8C3D-0D160900AD2D,,4375.80
6AA1BB08-CF1D-4D6D-9D31-C479D7E85344,饮料,16.50,2025年06月23日 11:57:52,,支出,建行1977,51C1890B-1A81-4CBB-851C-7E68B5214EDE,,11601.75
2A7649B0-1861-4B34-A30B-597DF8C94A67,吃饭,16.00,2025年06月23日 11:58:06,,支出,建行1977,51C1890B-1A81-4CBB-851C-7E68B5214EDE,,11601.75
D31BC58B-A83F-41A6-9BCC-6EB5F1387ED6,饮料,10.00,2025年06月23日 16:24:35,,支出,微信余额,6DFB2542-96D8-48D7-8C3D-0D160900AD2D,,4375.80
1E8A127E-4FDD-426B-84C0-571600FE23EA,饮料,16.50,2025年06月24日 12:25:47,,支出,建行1977,51C1890B-1A81-4CBB-851C-7E68B5214EDE,,11601.75
1106A421-7937-4FBB-A33C-472BAE3C26AB,吃饭,17.00,2025年06月25日 12:26:43,,支出,建行1977,51C1890B-1A81-4CBB-851C-7E68B5214EDE,,11601.75
5EBC969F-D253-4658-8A1A-666067B6BC0E,吃饭,16.00,2025年06月27日 12:17:36,,支出,建行1977,51C1890B-1A81-4CBB-851C-7E68B5214EDE,,11601.75
E03E3C31-6D46-4D66-9635-96BE28D30557,饮料,16.50,2025年06月27日 12:17:42,,支出,建行1977,51C1890B-1A81-4CBB-851C-7E68B5214EDE,,11601.75
68CA4A59-004B-4590-9E50-50C7B1821296,投资收益,309.67,2025年06月27日 13:40:05,平安银行,收入,广发证券,010E252F-98A3-4823-818C-5F59C8CD47CE,,64384.71
C9329B7F-E00C-4ABC-9370-3E0720D3E01F,投资收益,216.65,2025年06月27日 13:41:08,工商银行,收入,广发证券,010E252F-98A3-4823-818C-5F59C8CD47CE,,64384.71
9C3EB360-316F-4F89-97C8-131371511D79,投资收益,677.25,2025年06月27日 14:53:30,顺丰控股,收入,广发证券,010E252F-98A3-4823-818C-5F59C8CD47CE,,64384.71
CA712FD4-AFB4-40C9-B93F-0873716C168A,交通,266.67,2025年06月28日 15:04:16,加油,支出,建行1977,51C1890B-1A81-4CBB-851C-7E68B5214EDE,,11601.75
0A7780FC-617B-439C-AF81-DDA9168E099C,学习,133.00,2025年06月30日 00:02:12,微信读书年费,支出,建行1977,51C1890B-1A81-4CBB-851C-7E68B5214EDE,,11601.75
D639EB8A-E401-4BE0-93F3-864ED7D73551,吃饭,9.90,2025年06月30日 08:18:59,,支出,微信余额,6DFB2542-96D8-48D7-8C3D-0D160900AD2D,,4375.80
113D52BE-E682-4580-B026-0ADED14414EE,饮料,16.00,2025年06月30日 12:55:00,,支出,建行1977,51C1890B-1A81-4CBB-851C-7E68B5214EDE,,11601.75
1A15C542-8E53-47A2-B8C4-E157D2B2C302,吃饭,12.00,2025年06月30日 12:55:00,,支出,微信余额,6DFB2542-96D8-48D7-8C3D-0D160900AD2D,,4375.80
B19BF43E-E6E2-44A3-9BA8-26FF7DF944DB,吃饭,19.00,2025年07月01日 12:12:26,,支出,微信余额,6DFB2542-96D8-48D7-8C3D-0D160900AD2D,,4375.80
AF09BAFF-5A9D-439D-946E-D3D577B24621,饮料,16.50,2025年07月01日 14:10:15,,支出,建行1977,51C1890B-1A81-4CBB-851C-7E68B5214EDE,,11601.75
64514F74-BADB-4254-8E7F-35E9F1C27A7E,网吧,14.90,2025年07月02日 00:20:31,,支出,建行1977,51C1890B-1A81-4CBB-851C-7E68B5214EDE,,11601.75
5851F74B-43ED-44F9-A2D4-08A3FF6656B8,公积金,3662.00,2025年07月03日 00:00:00,,收入,建行1977,51C1890B-1A81-4CBB-851C-7E68B5214EDE,,11601.75
E61D6616-FE3C-404D-9751-667D7FCE58AA,通讯,100.00,2025年07月03日 08:18:40,,支出,建行2109,38650502-45C7-44BF-BDCD-DFED6315D68F,,31171.53
A36990A7-A053-4655-8E78-49D2ADF4F05C,饮料,16.50,2025年07月03日 17:58:35,,支出,建行1977,51C1890B-1A81-4CBB-851C-7E68B5214EDE,,11601.75
D4463ECE-C707-4687-A21A-28B47E67CFA2,住房,126.43,2025年07月04日 09:17:13,水费,支出,建行2109,38650502-45C7-44BF-BDCD-DFED6315D68F,,31171.53
C77324B0-ABBB-4100-8D4D-0C628D2B5343,住房,309.30,2025年07月04日 09:17:27,物业,支出,建行2109,38650502-45C7-44BF-BDCD-DFED6315D68F,,31171.53
FA63E88D-2050-489B-A572-F284E27C8935,育儿,60.00,2025年07月04日 11:29:32,玩具人形,支出,建行1977,51C1890B-1A81-4CBB-851C-7E68B5214EDE,,11601.75
3772D9A0-18DB-4BD2-830C-9CCFD2FEF7A9,玩具,36.00,2025年07月04日 11:29:56,伸出圆手,支出,建行1977,51C1890B-1A81-4CBB-851C-7E68B5214EDE,,11601.75
63463536-69CF-4215-8221-FA72F433C927,饮料,16.50,2025年07月04日 12:08:39,,支出,建行1977,51C1890B-1A81-4CBB-851C-7E68B5214EDE,,11601.75
D12FC315-A914-4084-BA49-079C7F242D3D,吃饭,16.00,2025年07月04日 12:08:46,,支出,微信余额,6DFB2542-96D8-48D7-8C3D-0D160900AD2D,,4375.80
1B3252C1-37A4-49B9-8D91-402E773CB828,零食,39.90,2025年07月04日 20:03:27,,支出,建行1977,51C1890B-1A81-4CBB-851C-7E68B5214EDE,,11601.75
FC9F8709-251C-4136-A6A7-F997A1D7EA88,吃饭,44.00,2025年07月06日 13:38:57,,支出,建行1977,51C1890B-1A81-4CBB-851C-7E68B5214EDE,,11601.75
653D729D-1224-49C1-9303-2530F7D50EBF,转账支出,3000.00,2025年07月07日 00:00:00,家庭,支出,建行1977,51C1890B-1A81-4CBB-851C-7E68B5214EDE,,11601.75
D089A09A-AF2C-4D9D-A387-49CD99364B74,吃饭,12.30,2025年07月07日 08:16:18,,支出,建行1977,51C1890B-1A81-4CBB-851C-7E68B5214EDE,,11601.75
EB8BF690-2030-4CCA-A6CE-DA88D6FA59DB,饮料,16.50,2025年07月07日 12:24:14,,支出,建行1977,51C1890B-1A81-4CBB-851C-7E68B5214EDE,,11601.75
418D8288-C0B8-4705-939A-5FE7B3853FAE,网吧,94.00,2025年07月07日 12:24:18,,支出,建行1977,51C1890B-1A81-4CBB-851C-7E68B5214EDE,,11601.75
0C9C12B2-3350-4A10-98B7-788C45EA9CA4,住房,5888.87,2025年07月07日 15:53:00,房贷,支出,建行2109,38650502-45C7-44BF-BDCD-DFED6315D68F,,31171.53
FD8D017E-D168-497F-B1FE-89358E199173,转账收入,21246.95,2025年07月07日 23:06:00,老爸转账,收入,建行2109,38650502-45C7-44BF-BDCD-DFED6315D68F,,31171.53
91CB7590-2262-49ED-A174-127F826CD45C,吃饭,9.90,2025年07月08日 08:06:00,,支出,建行1977,51C1890B-1A81-4CBB-851C-7E68B5214EDE,,11601.75
FA46C8BD-9476-4E3B-840F-523D8D75D7C2,吃饭,18.00,2025年07月08日 12:05:23,,支出,建行1977,51C1890B-1A81-4CBB-851C-7E68B5214EDE,,11601.75
7AA1319C-71F8-4B54-9C43-1FDF315E81BD,调整收入,780.92,2025年07月08日 22:31:06,,收入,广发证券,010E252F-98A3-4823-818C-5F59C8CD47CE,,64384.71
00980A68-144E-4DDE-BD4D-B4A62E247E28,吃饭,15.00,2025年07月09日 12:25:28,,支出,建行1977,51C1890B-1A81-4CBB-851C-7E68B5214EDE,,11601.75
FE6B5161-44AA-494A-AD1C-F41902F9BF4F,饮料,16.50,2025年07月09日 12:25:36,,支出,建行1977,51C1890B-1A81-4CBB-851C-7E68B5214EDE,,11601.75
7E803BC6-481F-49DE-82CC-34DAE6FF1E84,住房,794.95,2025年07月09日 20:06:27,电费,支出,建行1977,51C1890B-1A81-4CBB-851C-7E68B5214EDE,,11601.75
07DC6CCF-48B2-4266-84B7-BA7DE29AE0D5,吃饭,31.00,2025年07月10日 12:54:16,,支出,建行1977,51C1890B-1A81-4CBB-851C-7E68B5214EDE,,11601.75
838E327E-9E02-4424-83A3-D648DD9A6A49,吃饭,12.60,2025年07月11日 08:39:33,,支出,建行1977,51C1890B-1A81-4CBB-851C-7E68B5214EDE,,11601.75
DE9C5A6C-BAC9-4FD1-83C1-A29D8FB92163,吃饭,7.00,2025年07月11日 08:54:41,,支出,建行1977,51C1890B-1A81-4CBB-851C-7E68B5214EDE,,11601.75
548F1303-B21D-439D-994C-4A40C9605745,投资亏损,124.50,2025年07月11日 09:41:55,上海电影,支出,广发证券,010E252F-98A3-4823-818C-5F59C8CD47CE,,64384.71
337E7107-5BD9-4CF2-A3F9-48D5A55114B2,吃饭,12.00,2025年07月11日 11:52:04,,支出,建行1977,51C1890B-1A81-4CBB-851C-7E68B5214EDE,,11601.75
CD2F1E3C-BE25-4298-9445-74AE93D3D10F,饮料,16.50,2025年07月11日 12:12:28,,支出,建行1977,51C1890B-1A81-4CBB-851C-7E68B5214EDE,,11601.75
4F9B9E92-51FB-4DE9-BA20-BD45F5093E74,零食,50.00,2025年07月11日 22:19:24,,支出,建行1977,51C1890B-1A81-4CBB-851C-7E68B5214EDE,,11601.75
82543069-0599-45DF-B63F-8011E365D1EA,日用,70.00,2025年07月13日 01:18:00,软水盐,支出,建行1977,51C1890B-1A81-4CBB-851C-7E68B5214EDE,,11601.75
3AD6E73C-14BE-4014-A890-B3499B4EDA7E,吃饭,16.00,2025年07月14日 12:08:28,,支出,建行1977,51C1890B-1A81-4CBB-851C-7E68B5214EDE,,11601.75
ED6993AC-AD1A-4B49-8B47-685199A2914F,吃饭,24.00,2025年07月16日 15:37:40,,支出,建行1977,51C1890B-1A81-4CBB-851C-7E68B5214EDE,,11601.75
CD6CB425-D12D-4A9E-BBCA-D03ED615EF92,饮料,16.50,2025年07月16日 15:37:54,,支出,建行1977,51C1890B-1A81-4CBB-851C-7E68B5214EDE,,11601.75
0696E0EC-632E-440F-ACD3-A2EBB7FE6B92,投资亏损,90.00,2025年07月16日 15:38:05,卖出黄金,支出,支付宝,84959414-61BE-42AE-83C7-3416323FC753,,20110.69
37C27C27-8837-4FFC-813E-FA5F65E719F5,工资,6783.98,2025年07月18日 17:41:00,,收入,建行1977,51C1890B-1A81-4CBB-851C-7E68B5214EDE,,11601.75
A7A0479F-A0AD-4D2E-9C30-861DCB395EAF,游戏,235.00,2025年07月19日 16:19:00,gt7,支出,建行1977,51C1890B-1A81-4CBB-851C-7E68B5214EDE,,11601.75
EA73AE8B-27F7-48FF-9FD8-51F8D839582F,电影,57.80,2025年07月20日 21:36:45,戏台,支出,建行1977,51C1890B-1A81-4CBB-851C-7E68B5214EDE,,11601.75
411D4CB9-88F0-4374-B19F-FD4694A28103,订阅,68.00,2025年07月20日 21:53:05,汽水音乐,支出,建行1977,51C1890B-1A81-4CBB-851C-7E68B5214EDE,,11601.75
CA3B36A3-51E5-41A5-8F46-9B7D03A89F4F,饮料,26.20,2025年07月21日 12:38:45,,支出,建行1977,51C1890B-1A81-4CBB-851C-7E68B5214EDE,,11601.75
B641A212-5975-48E8-9DCA-AD328636EB93,网吧,92.92,2025年07月21日 16:12:39,,支出,建行1977,51C1890B-1A81-4CBB-851C-7E68B5214EDE,,11601.75
25E61DB6-F998-4E8E-B828-35FF0A826C7F,交通,19.00,2025年07月21日 17:51:20,,支出,建行2109,38650502-45C7-44BF-BDCD-DFED6315D68F,,31171.53
F9DBFACB-E299-4929-837B-6B7094123FA2,吃饭,11.00,2025年07月21日 18:10:07,,支出,建行1977,51C1890B-1A81-4CBB-851C-7E68B5214EDE,,11601.75
0EF336D2-0644-4A66-A481-EBF716C230F1,吃饭,14.00,2025年07月22日 20:32:42,,支出,建行1977,51C1890B-1A81-4CBB-851C-7E68B5214EDE,,11601.75
7C1B7235-E3AF-4B8B-ADFA-888A4C61B998,吃饭,5.00,2025年07月23日 09:00:00,,支出,建行1977,51C1890B-1A81-4CBB-851C-7E68B5214EDE,,11601.75
E6927FF5-050F-4620-884E-19DE155BDE81,吃饭,13.00,2025年07月23日 12:21:04,,支出,建行1977,51C1890B-1A81-4CBB-851C-7E68B5214EDE,,11601.75
5DD14C3C-7DE9-4ABD-8AFD-02853A89A730,饮料,5.00,2025年07月23日 12:54:19,,支出,建行1977,51C1890B-1A81-4CBB-851C-7E68B5214EDE,,11601.75
96E7FAD7-0BE9-4DE9-A11C-C4B92ECCC35A,吃饭,18.00,2025年07月24日 08:09:35,,支出,建行1977,51C1890B-1A81-4CBB-851C-7E68B5214EDE,,11601.75
2841CC64-73D2-438F-A0D9-294EC332C18B,吃饭,12.00,2025年07月24日 12:39:08,,支出,建行1977,51C1890B-1A81-4CBB-851C-7E68B5214EDE,,11601.75
7AA6C2FB-FE01-455E-A1D4-9F0BCB0711CF,饮料,16.50,2025年07月24日 12:48:43,,支出,建行1977,51C1890B-1A81-4CBB-851C-7E68B5214EDE,,11601.75
04921295-5FED-4F21-8BF3-AAAD50FC6DDB,吃饭,52.00,2025年07月26日 14:28:28,,支出,建行1977,51C1890B-1A81-4CBB-851C-7E68B5214EDE,,11601.75
B87A2DB9-A190-4B29-A7EF-476C914D219E,通讯,100.00,2025年07月28日 08:19:42,,支出,建行1977,51C1890B-1A81-4CBB-851C-7E68B5214EDE,,11601.75
3C31AF34-1F49-4136-9E7E-4795F720ADE0,投资收益,144.09,2025年07月28日 09:34:52,万达电影,收入,广发证券,010E252F-98A3-4823-818C-5F59C8CD47CE,,64384.71
2454C99C-2041-4F70-9005-751193AC8003,投资收益,260.20,2025年07月28日 09:38:16,横店影视,收入,广发证券,010E252F-98A3-4823-818C-5F59C8CD47CE,,64384.71
2EFB2D3F-F8BA-4925-A942-75F46A978CF6,吃饭,16.00,2025年07月28日 12:41:48,,支出,建行1977,51C1890B-1A81-4CBB-851C-7E68B5214EDE,,11601.75
4E34A198-8F28-45C9-8A18-7CDEE8B35425,饮料,0.01,2025年07月28日 12:45:48,,支出,建行1977,51C1890B-1A81-4CBB-851C-7E68B5214EDE,,11601.75
DF9B84F0-B4A3-4D9A-8B12-951AB02FB308,电器数码,127.00,2025年07月28日 19:50:08,魅族MagSafe,支出,建行1977,51C1890B-1A81-4CBB-851C-7E68B5214EDE,,11601.75
317BB54E-B61A-4AA8-B802-FDA571430234,吃饭,16.00,2025年07月29日 12:36:52,,支出,建行1977,51C1890B-1A81-4CBB-851C-7E68B5214EDE,,11601.75
D996D3C9-105E-4297-BBA0-D74C227163EE,饮料,14.50,2025年07月29日 12:39:46,,支出,建行1977,51C1890B-1A81-4CBB-851C-7E68B5214EDE,,11601.75
8A5380B9-C3C6-47A0-AD67-874A7BFB9EEC,吃饭,16.00,2025年07月30日 12:26:37,,支出,建行1977,51C1890B-1A81-4CBB-851C-7E68B5214EDE,,11601.75
D19C501E-81A2-4424-8752-12A5C2311810,饮料,3.50,2025年07月30日 12:28:20,,支出,建行1977,51C1890B-1A81-4CBB-851C-7E68B5214EDE,,11601.75
6F1F6A2E-8E67-4F5D-B73B-F8105CB7DDB0,吃饭,8.00,2025年07月31日 08:28:00,,支出,建行1977,51C1890B-1A81-4CBB-851C-7E68B5214EDE,,11601.75
FB5A3321-BB3B-45B3-940F-5EBC9148D329,投资收益,31.00,2025年07月31日 11:28:00,北方稀土,收入,广发证券,010E252F-98A3-4823-818C-5F59C8CD47CE,,64384.71
B3DDC957-FD9A-4906-B1B9-CE8217FDCFB4,饮料,82.00,2025年07月31日 14:29:00,,支出,建行1977,51C1890B-1A81-4CBB-851C-7E68B5214EDE,,11601.75
FC1D780D-F23C-4A97-BE8D-C6EF3092FA0D,吃饭,24.00,2025年08月01日 11:44:56,,支出,建行1977,51C1890B-1A81-4CBB-851C-7E68B5214EDE,,11601.75
8432F8FD-8215-4CC5-A4DA-08F0EE3BF947,通讯,200.00,2025年08月03日 10:08:32,,支出,建行1977,51C1890B-1A81-4CBB-851C-7E68B5214EDE,,11601.75
E0438B0C-CF72-42CB-8583-788919CA2DD0,吃饭,21.80,2025年08月04日 08:27:38,,支出,建行1977,51C1890B-1A81-4CBB-851C-7E68B5214EDE,,11601.75
E07CC78E-1110-468D-80F3-AC08343B9C12,吃饭,16.00,2025年08月04日 12:25:34,,支出,建行1977,51C1890B-1A81-4CBB-851C-7E68B5214EDE,,11601.75
D3009738-6397-4068-B498-DF6B3C67B3CA,饮料,15.70,2025年08月04日 12:28:49,,支出,建行1977,51C1890B-1A81-4CBB-851C-7E68B5214EDE,,11601.75
2E598691-29BC-4A64-848E-AF866EBB58B8,吃饭,16.00,2025年08月05日 12:49:56,,支出,建行1977,51C1890B-1A81-4CBB-851C-7E68B5214EDE,,11601.75
544825B0-566C-47B4-8ACB-869019CCE561,饮料,14.50,2025年08月05日 12:55:02,,支出,建行1977,51C1890B-1A81-4CBB-851C-7E68B5214EDE,,11601.75
C52D9800-3549-480C-9205-711CC016A542,住房,309.30,2025年08月06日 09:27:39,物业,支出,建行2109,38650502-45C7-44BF-BDCD-DFED6315D68F,,31171.53
A5BA3687-0046-4F95-928D-682A701DB57A,吃饭,6.00,2025年08月06日 12:14:00,,支出,建行1977,51C1890B-1A81-4CBB-851C-7E68B5214EDE,,11601.75
01FF0C4D-37AD-4A17-BD26-E45548A9F17F,交通,273.94,2025年08月06日 18:14:00,加油,支出,建行1977,51C1890B-1A81-4CBB-851C-7E68B5214EDE,,11601.75
23DD61E5-D844-4E18-8CA5-3D7A59DBDB53,住房,5888.87,2025年08月07日 00:00:00,房贷,支出,建行2109,38650502-45C7-44BF-BDCD-DFED6315D68F,,31171.53
FD8D8E5B-BB95-4F6C-9978-E9A2ADA6F8EB,转账支出,3000.00,2025年08月07日 00:00:00,家庭基金,支出,建行1977,51C1890B-1A81-4CBB-851C-7E68B5214EDE,,11601.75
EAD41AE1-4FAC-4057-8CDB-34AD64A05D17,吃饭,9.90,2025年08月07日 18:13:52,,支出,建行1977,51C1890B-1A81-4CBB-851C-7E68B5214EDE,,11601.75
CEC40198-D340-42CE-8528-091CEC1DD078,吃饭,24.00,2025年08月08日 11:54:57,,支出,建行1977,51C1890B-1A81-4CBB-851C-7E68B5214EDE,,11601.75
C2981E08-CAC2-4BCB-B540-95A33FC85FD6,饮料,26.50,2025年08月08日 15:23:41,,支出,建行1977,51C1890B-1A81-4CBB-851C-7E68B5214EDE,,11601.75
325ED8D3-F38E-418F-A57F-A0CADCEEB912,二手收入,295.40,2025年08月09日 13:51:08,BOOX poke2,收入,建行1977,51C1890B-1A81-4CBB-851C-7E68B5214EDE,,11601.75
5AB6DEDD-2DA3-4131-A279-3A8FF4FD3C22,汽车,5.00,2025年08月09日 13:51:58,,支出,建行1977,51C1890B-1A81-4CBB-851C-7E68B5214EDE,,11601.75
4317C0CD-2961-4A8C-AF7A-6A495E313DEE,汽车,6.00,2025年08月09日 19:07:44,,支出,建行1977,51C1890B-1A81-4CBB-851C-7E68B5214EDE,,11601.75
58AD9AFC-D022-4AAE-91C7-310D97C16392,日用,90.00,2025年08月10日 12:09:00,钢笔,支出,建行1977,51C1890B-1A81-4CBB-851C-7E68B5214EDE,,11601.75
D4FA4134-1C68-4E32-9DA4-CA4D70B3481C,电器数码,31.00,2025年08月10日 12:10:00,HomePod支架,支出,建行1977,51C1890B-1A81-4CBB-851C-7E68B5214EDE,,11601.75
085494CA-8052-4E97-BEEB-BEAE4DB91EC7,投资亏损,336.29,2025年08月11日 09:40:29,中国船舶,支出,广发证券,010E252F-98A3-4823-818C-5F59C8CD47CE,,64384.71
759D9C41-8049-4AE7-BC1C-B24C2A7134FD,投资收益,74.20,2025年08月11日 10:28:34,工商银行,收入,广发证券,010E252F-98A3-4823-818C-5F59C8CD47CE,,64384.71
2C7D70FD-D5E1-4D4F-84E7-B013A7F11BA5,吃饭,12.00,2025年08月11日 12:31:50,,支出,建行1977,51C1890B-1A81-4CBB-851C-7E68B5214EDE,,11601.75
83D00CBF-F6FE-4E95-B130-E0034AFA831E,饮料,16.50,2025年08月11日 12:34:13,,支出,建行1977,51C1890B-1A81-4CBB-851C-7E68B5214EDE,,11601.75
797D4507-46A8-4085-AB18-94BA1D17B186,网吧,94.00,2025年08月11日 12:38:06,,支出,建行1977,51C1890B-1A81-4CBB-851C-7E68B5214EDE,,11601.75
1214B739-1947-4CEC-891D-796EDFED6803,吃饭,9.90,2025年08月12日 08:14:17,,支出,建行1977,51C1890B-1A81-4CBB-851C-7E68B5214EDE,,11601.75
0BED823D-AC63-423E-A74B-F5BC4E11A17B,吃饭,6.00,2025年08月12日 18:25:58,,支出,建行1977,51C1890B-1A81-4CBB-851C-7E68B5214EDE,,11601.75
871BE0CF-145F-445F-84DF-23E0A3C469A3,吃饭,24.00,2025年08月13日 12:01:07,,支出,建行1977,51C1890B-1A81-4CBB-851C-7E68B5214EDE,,11601.75
8AFB5A33-26C0-4AF9-8F91-3E8AF435CF09,饮料,12.30,2025年08月13日 12:25:05,,支出,建行1977,51C1890B-1A81-4CBB-851C-7E68B5214EDE,,11601.75
288D9091-651E-4D59-B61D-67FDCAA213FC,吃饭,9.90,2025年08月18日 08:46:00,,支出,建行1977,51C1890B-1A81-4CBB-851C-7E68B5214EDE,,11601.75
9E0CEF6F-D699-41B0-8CC9-935A157644A4,吃饭,12.00,2025年08月18日 12:47:00,,支出,建行1977,51C1890B-1A81-4CBB-851C-7E68B5214EDE,,11601.75
6E7F62C4-2751-4968-8016-4C66BAF7F2C8,工资,6600.98,2025年08月18日 16:45:21,,收入,建行1977,51C1890B-1A81-4CBB-851C-7E68B5214EDE,,11601.75
8E77DB7A-56B2-4E64-8166-3273F3A5617C,吃饭,6.00,2025年08月18日 17:26:36,,支出,建行1977,51C1890B-1A81-4CBB-851C-7E68B5214EDE,,11601.75
6433C121-9A15-4191-A883-C05D03D75E57,饮料,13.50,2025年08月18日 21:46:43,,支出,建行1977,51C1890B-1A81-4CBB-851C-7E68B5214EDE,,11601.75
BE6B3175-723B-4CF9-9A77-018DA4565257,吃饭,16.00,2025年08月19日 12:04:14,,支出,建行1977,51C1890B-1A81-4CBB-851C-7E68B5214EDE,,11601.75
D85C1930-8052-40CB-BB21-594AFA1A8860,饮料,13.50,2025年08月19日 12:06:47,,支出,建行1977,51C1890B-1A81-4CBB-851C-7E68B5214EDE,,11601.75
97AA8052-727B-4FB4-8C24-81C3F07D6D89,吃饭,9.90,2025年08月20日 08:24:05,,支出,建行1977,51C1890B-1A81-4CBB-851C-7E68B5214EDE,,11601.75
64DD993D-990B-4BD5-9A0B-5C1230153005,吃饭,18.00,2025年08月20日 11:44:29,,支出,建行1977,51C1890B-1A81-4CBB-851C-7E68B5214EDE,,11601.75
20FDEACF-BA29-4EC7-8AE7-CD370795D2E6,饮料,7.90,2025年08月20日 12:07:44,,支出,建行1977,51C1890B-1A81-4CBB-851C-7E68B5214EDE,,11601.75
DC88DE16-3BDE-42A3-A4F9-390A47DCF201,交通,274.01,2025年08月20日 19:11:40,加油,支出,建行1977,51C1890B-1A81-4CBB-851C-7E68B5214EDE,,11601.75
A60A4C85-F2B6-4EB4-BC7C-BB5FDD36307C,吃饭,24.00,2025年08月21日 11:31:29,,支出,建行1977,51C1890B-1A81-4CBB-851C-7E68B5214EDE,,11601.75
BEEAA2CF-CECD-4A57-AB23-BA5F1E096E4C,饮料,11.50,2025年08月21日 12:03:02,,支出,建行1977,51C1890B-1A81-4CBB-851C-7E68B5214EDE,,11601.75
6A6E8EE1-7470-43F7-AA41-1DA29F91D34A,吃饭,17.00,2025年08月22日 11:51:52,,支出,建行1977,51C1890B-1A81-4CBB-851C-7E68B5214EDE,,11601.75
0042FDB2-E4EC-48A6-9E13-C8C3CC4A85E3,饮料,14.50,2025年08月22日 12:21:41,,支出,建行1977,51C1890B-1A81-4CBB-851C-7E68B5214EDE,,11601.75
E2845B61-7E3B-4062-B172-41A7A11F454F,网吧,95.00,2025年08月22日 12:33:15,,支出,建行1977,51C1890B-1A81-4CBB-851C-7E68B5214EDE,,11601.75
86E6A8A4-4B37-499A-ABC2-073CD92429D3,公积金,3701.83,2025年08月22日 12:35:31,,收入,建行1977,51C1890B-1A81-4CBB-851C-7E68B5214EDE,,11601.75
B859C673-7950-42EF-B9CF-2A1D084B73A9,网吧,3.00,2025年08月22日 14:16:37,,支出,建行1977,51C1890B-1A81-4CBB-851C-7E68B5214EDE,,11601.75
006556C2-00F7-4003-9CA0-41BC13109E71,饮料,4.62,2025年08月22日 16:13:01,,支出,建行1977,51C1890B-1A81-4CBB-851C-7E68B5214EDE,,11601.75
130E61B2-8DA4-431F-945F-E05810560BB5,日用,22.47,2025年08月23日 11:03:21,,支出,建行1977,51C1890B-1A81-4CBB-851C-7E68B5214EDE,,11601.75
5F6BD6D7-02CC-4D20-97D9-856B787A1CDA,交通,8.00,2025年08月23日 20:50:03,,支出,建行1977,51C1890B-1A81-4CBB-851C-7E68B5214EDE,,11601.75
CFAE0ABC-66AD-41FF-8CE1-E5331B495489,吃饭,323.00,2025年08月24日 02:28:08,,支出,建行1977,51C1890B-1A81-4CBB-851C-7E68B5214EDE,,11601.75
A6F921EA-0B5C-4113-8980-93D892816080,吃饭,309.00,2025年08月24日 14:00:41,,支出,建行1977,51C1890B-1A81-4CBB-851C-7E68B5214EDE,,11601.75
54EE82BA-7256-4AD0-9A65-4D6957EB905B,玩具,68.24,2025年08月25日 10:35:05,画板,支出,建行1977,51C1890B-1A81-4CBB-851C-7E68B5214EDE,,11601.75
B1C27B31-E724-4AF1-8EEF-B39F7FB19EF7,通讯,100.00,2025年08月25日 15:40:43,,支出,建行1977,51C1890B-1A81-4CBB-851C-7E68B5214EDE,,11601.75
658498E4-25BC-4151-9461-9D504998FA3E,投资亏损,267.50,2025年08月26日 09:37:38,半导体ETF,支出,广发证券,010E252F-98A3-4823-818C-5F59C8CD47CE,,64384.71
6F68A011-D49D-44C1-80C4-75B240D50CEB,吃饭,18.00,2025年08月26日 09:46:20,,支出,建行1977,51C1890B-1A81-4CBB-851C-7E68B5214EDE,,11601.75
42248AFF-899C-43E9-81D5-0FBEE3C25DE3,吃饭,18.00,2025年08月26日 15:07:20,,支出,建行1977,51C1890B-1A81-4CBB-851C-7E68B5214EDE,,11601.75
53978386-0E46-4611-BAE3-CC5F63F6BA39,日用,59.00,2025年08月27日 13:40:45,牙刷头,支出,建行1977,51C1890B-1A81-4CBB-851C-7E68B5214EDE,,11601.75
9BC9193E-41D9-4701-84AF-00AAFF250D78,投资收益,73.00,2025年08月27日 14:00:16,美的集团,收入,广发证券,010E252F-98A3-4823-818C-5F59C8CD47CE,,64384.71
785CB1D7-0290-4A73-B45D-5296BA911AE6,投资收益,95.00,2025年08月27日 14:00:34,顺丰控股,收入,广发证券,010E252F-98A3-4823-818C-5F59C8CD47CE,,64384.71
415AC2A6-EF3E-4805-97B2-010A615BB726,投资收益,219.21,2025年08月28日 11:23:18,歌尔股份,收入,广发证券,010E252F-98A3-4823-818C-5F59C8CD47CE,,64384.71
4296FB6A-B002-45A2-B133-53367FEA8D65,电器数码,270.00,2025年08月29日 14:49:00,洗衣机维修,支出,建行1977,51C1890B-1A81-4CBB-851C-7E68B5214EDE,,11601.75
4EA6184B-50F7-4948-B8A9-39B67DB107F6,交通,4.00,2025年08月30日 18:50:00,,支出,建行1977,51C1890B-1A81-4CBB-851C-7E68B5214EDE,,11601.75
8555BF20-7C86-421F-A2DD-AE438F57E30C,吃饭,8.00,2025年08月30日 18:51:00,,支出,建行1977,51C1890B-1A81-4CBB-851C-7E68B5214EDE,,11601.75
4481DAB3-5953-4C2B-9D52-9D560FF702EA,电器数码,32.00,2025年08月30日 19:52:00,插座,支出,建行1977,51C1890B-1A81-4CBB-851C-7E68B5214EDE,,11601.75
4840465B-920B-49E5-B6C9-97D655159A4C,玩具,139.00,2025年08月31日 17:19:00,遥控车,支出,建行1977,51C1890B-1A81-4CBB-851C-7E68B5214EDE,,11601.75
08B86573-74A9-4210-B25D-4CF7BDF2FC58,订阅,7.00,2025年08月31日 18:51:21,ai 兔子,支出,建行1977,51C1890B-1A81-4CBB-851C-7E68B5214EDE,,11601.75
E33D766F-F56F-4451-BA0F-B708433C14E6,吃饭,9.90,2025年09月01日 08:26:39,,支出,建行1977,51C1890B-1A81-4CBB-851C-7E68B5214EDE,,11601.75
0006156C-1DF3-4D39-8496-CDEFE1219924,饮料,15.70,2025年09月01日 12:11:46,,支出,建行1977,51C1890B-1A81-4CBB-851C-7E68B5214EDE,,11601.75
E250896F-B323-4214-A31C-D7B5509FD2F0,吃饭,16.00,2025年09月01日 12:26:05,,支出,建行1977,51C1890B-1A81-4CBB-851C-7E68B5214EDE,,11601.75
A5A50781-D6E4-44EE-93AE-DA5AB5F2C584,玩具,90.00,2025年09月01日 17:19:08,泡泡机,支出,建行1977,51C1890B-1A81-4CBB-851C-7E68B5214EDE,,11601.75
8906A018-B513-4D24-8F5F-526D3FDF09E5,投资亏损,199.48,2025年09月02日 10:32:43,歌尔股份,支出,广发证券,010E252F-98A3-4823-818C-5F59C8CD47CE,,64384.71
1E2DEF12-1155-4F13-9520-0D2B4B48ADFB,投资收益,538.47,2025年09月02日 14:43:50,长盈精密,收入,广发证券,010E252F-98A3-4823-818C-5F59C8CD47CE,,64384.71
8BC3CBCA-4D91-4342-9C61-5216624A3E16,通讯,100.00,2025年09月03日 08:12:06,,支出,建行1977,51C1890B-1A81-4CBB-851C-7E68B5214EDE,,11601.75
0A89AB6B-C33F-4D59-ACDF-72F82ACFF840,吃饭,5.00,2025年09月03日 08:31:28,,支出,建行1977,51C1890B-1A81-4CBB-851C-7E68B5214EDE,,11601.75
4B66091C-F197-4B88-9F5E-F17671DF4ABB,订阅,11.00,2025年09月03日 11:00:58,Apple Music,支出,建行1977,51C1890B-1A81-4CBB-851C-7E68B5214EDE,,11601.75
5F3C54D0-EC59-4D81-8240-480582DB6A60,吃饭,12.00,2025年09月03日 12:18:33,,支出,建行1977,51C1890B-1A81-4CBB-851C-7E68B5214EDE,,11601.75
4FFA1D48-D6CB-4514-8AF8-57903563F187,饮料,15.70,2025年09月03日 12:18:40,,支出,建行1977,51C1890B-1A81-4CBB-851C-7E68B5214EDE,,11601.75
711BAD55-46CB-46B8-8B76-C35CCDFB4EE6,投资亏损,122.30,2025年09月03日 13:43:31,国防军工etf,支出,广发证券,010E252F-98A3-4823-818C-5F59C8CD47CE,,64384.71
A8351A60-4638-443C-BE6C-E93F6D987423,投资亏损,268.50,2025年09月03日 13:44:41,半导体etf,支出,广发证券,010E252F-98A3-4823-818C-5F59C8CD47CE,,64384.71
FABECEFF-29BF-4D80-AA1D-F832F5B3F030,吃饭,5.00,2025年09月04日 08:31:23,,支出,建行1977,51C1890B-1A81-4CBB-851C-7E68B5214EDE,,11601.75
FEE91194-21E6-4A30-861C-76357A6A6A89,投资亏损,104.94,2025年09月04日 09:36:14,美的集团,支出,广发证券,010E252F-98A3-4823-818C-5F59C8CD47CE,,64384.71
27F81F30-0270-4219-851D-3741A6B8638F,吃饭,12.00,2025年09月04日 12:02:40,,支出,建行1977,51C1890B-1A81-4CBB-851C-7E68B5214EDE,,11601.75
37FDD254-B343-485B-B722-83B4F1C10ED8,饮料,20.00,2025年09月04日 16:21:59,,支出,建行1977,51C1890B-1A81-4CBB-851C-7E68B5214EDE,,11601.75
6C5B46BC-AE4D-4ED7-985E-37008EC4A6B4,吃饭,12.00,2025年09月05日 12:38:22,,支出,建行1977,51C1890B-1A81-4CBB-851C-7E68B5214EDE,,11601.75
9A7C2E45-49AF-4E29-AF53-2D62C18259E7,饮料,14.50,2025年09月05日 12:43:53,,支出,建行1977,51C1890B-1A81-4CBB-851C-7E68B5214EDE,,11601.75
6999D291-03D4-4E5B-82BB-FA0E35D48B56,投资收益,1914.34,2025年09月05日 13:41:16,中欧医疗创新股票C,收入,广发证券,010E252F-98A3-4823-818C-5F59C8CD47CE,,64384.71
056D086E-8D9C-453E-9FCA-046676E91948,吃饭,23.00,2025年09月06日 11:43:37,,支出,建行1977,51C1890B-1A81-4CBB-851C-7E68B5214EDE,,11601.75
09C15FFD-5B57-4D29-8EF1-674CBB8E27FD,吃饭,15.70,2025年09月06日 20:33:40,,支出,建行1977,51C1890B-1A81-4CBB-851C-7E68B5214EDE,,11601.75
CDE017F2-78FE-4535-945E-2E7FABC41DBD,转账支出,3000.00,2025年09月07日 10:55:00,家庭基金,支出,建行1977,51C1890B-1A81-4CBB-851C-7E68B5214EDE,,11601.75
844B1B1C-A4E1-411F-9A73-57B63C8B9143,吃饭,5.00,2025年09月08日 08:55:00,,支出,建行1977,51C1890B-1A81-4CBB-851C-7E68B5214EDE,,11601.75
F80C52EA-0272-4377-85C1-561DB4965A14,住房,4497.75,2025年09月08日 10:58:15,,支出,建行2109,38650502-45C7-44BF-BDCD-DFED6315D68F,,31171.53
88733F1C-5439-4C07-B7B6-02DAE6661730,住房,1391.12,2025年09月08日 10:58:42,,支出,建行2109,38650502-45C7-44BF-BDCD-DFED6315D68F,,31171.53
33E377C9-E06A-4A46-8D6D-957548B54B4B,吃饭,12.00,2025年09月08日 11:53:03,,支出,建行1977,51C1890B-1A81-4CBB-851C-7E68B5214EDE,,11601.75
3D093A9F-C1C9-4F18-9508-FD403129E80D,饮料,15.70,2025年09月08日 12:00:36,,支出,建行1977,51C1890B-1A81-4CBB-851C-7E68B5214EDE,,11601.75
7F2D8AB3-6360-4114-B504-BB0842614846,订阅,7.00,2025年09月08日 15:33:12,ai 兔子,支出,建行1977,51C1890B-1A81-4CBB-851C-7E68B5214EDE,,11601.75
92A52FAF-EE2A-4AED-8060-BD001223ACB4,日用,88.20,2025年09月08日 22:02:19,咖啡粉碗,支出,建行1977,51C1890B-1A81-4CBB-851C-7E68B5214EDE,,11601.75
7263AE9C-A326-42B8-872E-2C04D25C1E7F,订阅,10.00,2025年09月09日 11:49:12,ai DeepSeek,支出,建行1977,51C1890B-1A81-4CBB-851C-7E68B5214EDE,,11601.75
C7BBC9AD-5C4C-45D3-A36B-26ACB3706BDC,吃饭,13.00,2025年09月09日 12:25:21,,支出,建行1977,51C1890B-1A81-4CBB-851C-7E68B5214EDE,,11601.75
E5913F78-364E-4B98-AB69-F9B1245E8914,饮料,15.70,2025年09月09日 12:40:49,,支出,建行1977,51C1890B-1A81-4CBB-851C-7E68B5214EDE,,11601.75
520F429E-1CA8-49E5-A15A-6BF170E5AC22,住房,427.00,2025年09月09日 14:48:46,物业,支出,建行2109,38650502-45C7-44BF-BDCD-DFED6315D68F,,31171.53
C8123FA2-B08D-4CFB-8714-60BF748E93FF,公共服务,300.00,2025年09月09日 17:27:31,交通罚款,支出,建行1977,51C1890B-1A81-4CBB-851C-7E68B5214EDE,,11601.75
DCB6470A-7E83-4607-B855-3F9F25E40EF9,住房,789.56,2025年09月09日 20:15:06,电费,支出,建行2109,38650502-45C7-44BF-BDCD-DFED6315D68F,,31171.53
70101239-3818-4C86-B4B4-F0C556E75D67,理发,48.00,2025年09月09日 20:52:46,,支出,建行1977,51C1890B-1A81-4CBB-851C-7E68B5214EDE,,11601.75
F0F630BE-5F2A-477F-B8D0-E7396A0A3336,饮料,12.70,2025年09月10日 12:05:19,,支出,建行1977,51C1890B-1A81-4CBB-851C-7E68B5214EDE,,11601.75
6B1017D6-E842-4D22-BC8D-59488C70A983,吃饭,16.00,2025年09月10日 12:23:41,,支出,建行1977,51C1890B-1A81-4CBB-851C-7E68B5214EDE,,11601.75
3320432F-86BD-44A8-928E-034105A78BA3,网吧,92.00,2025年09月10日 12:33:09,,支出,建行1977,51C1890B-1A81-4CBB-851C-7E68B5214EDE,,11601.75
99A948B3-BECD-4B2B-A8F7-A4A0A85DE2C8,投资亏损,67.78,2025年09月10日 13:12:24,工商银行,支出,广发证券,010E252F-98A3-4823-818C-5F59C8CD47CE,,64384.71
ADBC4637-412E-451F-936B-0EE4254D6F1A,吃饭,6.00,2025年09月10日 19:16:39,,支出,建行1977,51C1890B-1A81-4CBB-851C-7E68B5214EDE,,11601.75
BD6445CF-AB89-4325-9B08-BDFBF374E5E4,零食,18.50,2025年09月10日 19:16:57,麻辣瓜子,支出,建行1977,51C1890B-1A81-4CBB-851C-7E68B5214EDE,,11601.75
80BB0839-9FC7-4CAE-9C75-285D87A5BC97,吃饭,16.00,2025年09月11日 12:20:56,,支出,建行1977,51C1890B-1A81-4CBB-851C-7E68B5214EDE,,11601.75
C6FCDCAC-CC70-49D4-BA3A-DABF76976242,饮料,12.70,2025年09月11日 12:23:26,,支出,建行1977,51C1890B-1A81-4CBB-851C-7E68B5214EDE,,11601.75
707C4D2F-3BA5-45D8-9EE3-3A0970DC5176,电器数码,50.46,2025年09月12日 00:17:00,表带,支出,建行1977,51C1890B-1A81-4CBB-851C-7E68B5214EDE,,11601.75
7B8F49C0-161F-4660-AACE-2BC21DF65D64,投资亏损,66.54,2025年09月12日 09:45:06,中国联通,支出,广发证券,010E252F-98A3-4823-818C-5F59C8CD47CE,,64384.71
83A3343F-34D0-4A1F-9359-B2CFFE929D11,饮料,12.20,2025年09月12日 12:01:32,,支出,建行1977,51C1890B-1A81-4CBB-851C-7E68B5214EDE,,11601.75
CC26952B-8D92-4A8A-97D2-38D6E79CA44C,吃饭,6.90,2025年09月12日 12:01:40,,支出,建行1977,51C1890B-1A81-4CBB-851C-7E68B5214EDE,,11601.75
5B42DD3D-3622-427D-B6EF-D1F939C3DF48,零食,41.70,2025年09月13日 12:56:30,,支出,建行1977,51C1890B-1A81-4CBB-851C-7E68B5214EDE,,11601.75
FB43E4DD-8256-4ED2-A71A-BF5180C20713,饮料,12.00,2025年09月13日 13:02:30,,支出,建行1977,51C1890B-1A81-4CBB-851C-7E68B5214EDE,,11601.75
EF6A9D06-EA8B-448D-B2FE-944ED6677975,饮料,6.00,2025年09月15日 14:55:20,,支出,建行1977,51C1890B-1A81-4CBB-851C-7E68B5214EDE,,11601.75
0E496C18-745C-463C-ADF2-32D44230F156,饮料,29.00,2025年09月15日 14:55:25,,支出,建行1977,51C1890B-1A81-4CBB-851C-7E68B5214EDE,,11601.75
3BB2F5F4-C226-43E8-8A2D-D26C7FF1228C,饮料,14.80,2025年09月15日 21:00:06,,支出,建行1977,51C1890B-1A81-4CBB-851C-7E68B5214EDE,,11601.75
FA1EA924-3EA5-4C85-A39E-F1051243678A,零食,22.37,2025年09月15日 21:00:13,,支出,建行1977,51C1890B-1A81-4CBB-851C-7E68B5214EDE,,11601.75
3A248BC8-9F0F-471B-B2E8-98EACF045ECF,吃饭,14.80,2025年09月16日 11:56:19,,支出,建行1977,51C1890B-1A81-4CBB-851C-7E68B5214EDE,,11601.75
7E13C36B-7C43-44CB-963C-6CBC088973AD,饮料,16.50,2025年09月16日 12:03:16,,支出,建行1977,51C1890B-1A81-4CBB-851C-7E68B5214EDE,,11601.75
7DAC65A8-C5EA-4094-A29A-48D5A9FE080C,订阅,35.00,2025年09月16日 16:52:00,ai 兔子,支出,建行1977,51C1890B-1A81-4CBB-851C-7E68B5214EDE,,11601.75
97ADFD52-EC7C-4BB0-9E5D-24137C9C4AD4,吃饭,6.00,2025年09月16日 17:23:42,,支出,建行1977,51C1890B-1A81-4CBB-851C-7E68B5214EDE,,11601.75
FFDB7297-DD6D-431C-AB8F-3045793438D2,吃饭,18.00,2025年09月17日 11:43:05,,支出,建行1977,51C1890B-1A81-4CBB-851C-7E68B5214EDE,,11601.75
66A86FFB-FC53-4200-B4E0-5FB7362479CE,饮料,11.50,2025年09月17日 12:20:00,,支出,建行1977,51C1890B-1A81-4CBB-851C-7E68B5214EDE,,11601.75
7D829694-A265-4205-BB1B-C1C65800F8F3,投资收益,1378.97,2025年09月17日 13:39:52,长盈精密,收入,广发证券,010E252F-98A3-4823-818C-5F59C8CD47CE,,64384.71
F4744E67-A8F3-4797-8804-5BEDC74E807F,饮料,10.00,2025年09月17日 15:36:12,,支出,建行1977,51C1890B-1A81-4CBB-851C-7E68B5214EDE,,11601.75
8D704208-499B-4637-A56C-5D60A211EF15,工资,6855.00,2025年09月18日 17:48:42,,收入,建行1977,51C1890B-1A81-4CBB-851C-7E68B5214EDE,,11601.75
C191DF4D-4D3D-409C-9954-F66315272B10,交通,7.10,2025年09月20日 10:42:28,,支出,建行1977,51C1890B-1A81-4CBB-851C-7E68B5214EDE,,11601.75
0C462D6E-6A83-4C98-80E1-1446D6B3ECCB,交通,12.75,2025年09月20日 12:41:37,,支出,建行1977,51C1890B-1A81-4CBB-851C-7E68B5214EDE,,11601.75
89E76C4E-4166-41F8-9BB7-7A61718F79DB,饮料,6.50,2025年09月20日 12:41:44,,支出,建行1977,51C1890B-1A81-4CBB-851C-7E68B5214EDE,,11601.75
57440C38-6A6C-41FE-B08F-793A6798B378,电器数码,8816.27,2025年09月20日 12:42:23,iPhone17pro,支出,建行1977,51C1890B-1A81-4CBB-851C-7E68B5214EDE,,11601.75
EC761588-5B62-4A5A-8AD2-5AAE691ADCB0,电器数码,24.90,2025年09月20日 17:09:54,手机膜,支出,建行1977,51C1890B-1A81-4CBB-851C-7E68B5214EDE,,11601.75
7043FDB9-FE27-49D5-A2F3-FFC4F0A8B135,电器数码,24.90,2025年09月20日 17:12:26,17膜,支出,建行1977,51C1890B-1A81-4CBB-851C-7E68B5214EDE,,11601.75
E7130710-66A5-4786-8280-8D31DABE7B88,电器数码,129.00,2025年09月21日 16:10:31,充电器,支出,建行1977,51C1890B-1A81-4CBB-851C-7E68B5214EDE,,11601.75
3D7C425D-D1F7-4830-8099-E61A194C2329,借出,2000.00,2025年09月21日 16:10:44,文学贵，一年还清,支出,建行1977,51C1890B-1A81-4CBB-851C-7E68B5214EDE,,11601.75
A20A18AE-A26D-478C-8A80-7A7C651D6913,饮料,15.20,2025年09月22日 12:20:33,,支出,建行1977,51C1890B-1A81-4CBB-851C-7E68B5214EDE,,11601.75
2F73FB0F-AEC0-4426-AB29-B878F8520E8E,吃饭,16.00,2025年09月22日 12:20:39,,支出,建行1977,51C1890B-1A81-4CBB-851C-7E68B5214EDE,,11601.75
3ADB16DF-9706-449E-B42C-EB9479E740A2,投资收益,848.23,2025年09月23日 09:40:42,长盈精密,收入,广发证券,010E252F-98A3-4823-818C-5F59C8CD47CE,,64384.71
B53DA957-5656-4DD3-8CBA-861F8062F465,吃饭,258.90,2025年09月23日 13:59:43,,支出,建行1977,51C1890B-1A81-4CBB-851C-7E68B5214EDE,,11601.75
C12B102C-348F-438C-82AB-EC84610AD068,交通,9.40,2025年09月26日 06:21:20,,支出,建行1977,51C1890B-1A81-4CBB-851C-7E68B5214EDE,,11601.75
751E5B6A-245F-47B1-AA86-5A5F62595511,投资亏损,330.06,2025年09月26日 13:44:00,长盈精密,支出,广发证券,010E252F-98A3-4823-818C-5F59C8CD47CE,,64384.71
3379074A-9622-4D30-AE92-C0FA3EC8E96F,吃饭,6.00,2025年09月28日 18:28:00,,支出,建行1977,51C1890B-1A81-4CBB-851C-7E68B5214EDE,,11601.75
83512020-18C7-4961-8929-D54BCBD4B59D,公积金,3701.98,2025年09月28日 23:08:00,,收入,建行1977,51C1890B-1A81-4CBB-851C-7E68B5214EDE,,11601.75
E0EC0DF5-8601-4C0D-BDB1-DD125BDE5E72,吃饭,26.00,2025年09月29日 14:32:43,,支出,建行1977,51C1890B-1A81-4CBB-851C-7E68B5214EDE,,11601.75
B600E0C8-DA03-4A54-B9A7-CED3B2C48FCE,吃饭,12.00,2025年09月30日 11:56:19,,支出,建行1977,51C1890B-1A81-4CBB-851C-7E68B5214EDE,,11601.75
80DD2E81-AFD8-43B4-8B94-F1751D89663B,饮料,14.50,2025年09月30日 11:59:18,,支出,建行1977,51C1890B-1A81-4CBB-851C-7E68B5214EDE,,11601.75
7C45D02A-68D4-4E71-ACEE-2B923A7BB4D9,饮料,16.00,2025年09月30日 21:34:55,,支出,建行1977,51C1890B-1A81-4CBB-851C-7E68B5214EDE,,11601.75
29DB2206-2F86-4886-AA0B-F83E1B08169A,吃饭,12.00,2025年10月01日 09:56:32,,支出,建行1977,51C1890B-1A81-4CBB-851C-7E68B5214EDE,,11601.75
EC365CF3-1195-4FC4-B12B-2B23C6FBBB16,旅游交通,7.50,2025年10月02日 09:20:11,澳门esim,支出,建行1977,51C1890B-1A81-4CBB-851C-7E68B5214EDE,,11601.75
73EEFDB8-74CB-48E2-9E72-5167EA1A2456,饮料,7.53,2025年10月02日 13:56:36,,支出,建行1977,51C1890B-1A81-4CBB-851C-7E68B5214EDE,,11601.75
02E34A0C-1268-4159-87C8-3E489A9BFA59,旅游购物,68.62,2025年10月02日 14:23:08,药膏,支出,建行1977,51C1890B-1A81-4CBB-851C-7E68B5214EDE,,11601.75
F88ED813-4E84-4961-881F-C847062AA159,饮料,7.30,2025年10月02日 17:08:54,,支出,建行1977,51C1890B-1A81-4CBB-851C-7E68B5214EDE,,11601.75
FEBA520A-BBB4-4DCC-9F49-2340D669AD31,旅游购物,341.72,2025年10月02日 18:14:34,最香杏仁饼,支出,建行1977,51C1890B-1A81-4CBB-851C-7E68B5214EDE,,11601.75
EA770B05-91FE-498F-888A-A4A42C8B48AB,旅游购物,1486.65,2025年10月02日 18:15:00,钜记肉干,支出,建行1977,51C1890B-1A81-4CBB-851C-7E68B5214EDE,,11601.75
B59AB08F-BD7E-4107-B6C2-251F9478ED6C,订阅,11.00,2025年10月03日 00:00:00,Apple Music,支出,建行1977,51C1890B-1A81-4CBB-851C-7E68B5214EDE,,11601.75
AE7B570B-4BCF-4A25-BDC1-E0BA51CC3945,通讯,100.00,2025年10月03日 12:42:25,,支出,建行1977,51C1890B-1A81-4CBB-851C-7E68B5214EDE,,11601.75
744C57F1-C6D1-4EDA-BA0C-097AF8D1AA24,饮料,13.50,2025年10月04日 12:17:54,,支出,建行1977,51C1890B-1A81-4CBB-851C-7E68B5214EDE,,11601.75
F83ECFB8-D3AF-40C0-BC47-DB8F5981C0EE,旅游交通,326.83,2025年10月04日 13:59:15,神州租车,支出,建行1977,51C1890B-1A81-4CBB-851C-7E68B5214EDE,,11601.75
7611611B-7BE9-4990-8E45-2AD39B455680,饮料,9.90,2025年10月04日 21:51:15,,支出,建行1977,51C1890B-1A81-4CBB-851C-7E68B5214EDE,,11601.75
C6367B52-8A1B-4D47-95B7-F6DDFD454E11,游戏,1.88,2025年10月05日 01:50:48,神界iPad,支出,建行1977,51C1890B-1A81-4CBB-851C-7E68B5214EDE,,11601.75
4D3312AC-1742-4AA8-AD40-D46114AF622B,玩具,49.80,2025年10月05日 17:35:22,,支出,建行1977,51C1890B-1A81-4CBB-851C-7E68B5214EDE,,11601.75
C6A4A63D-513B-49F5-865C-314967A87BB7,交通,6.00,2025年10月06日 23:58:00,,支出,建行1977,51C1890B-1A81-4CBB-851C-7E68B5214EDE,,11601.75
90DFF7D0-F3F6-4F46-B017-068A4F9682C3,住房,4497.75,2025年10月07日 00:14:00,房贷,支出,建行1977,51C1890B-1A81-4CBB-851C-7E68B5214EDE,,11601.75
7E8C9C99-038A-450A-9B7E-0E04CE01A5F9,旅游交通,42.00,2025年10月07日 15:59:00,加油,支出,建行1977,51C1890B-1A81-4CBB-851C-7E68B5214EDE,,11601.75
E2E44C34-6019-4E89-B25D-04D1D01B8456,家庭,3000.00,2025年10月07日 23:59:00,家庭基金,支出,建行1977,51C1890B-1A81-4CBB-851C-7E68B5214EDE,,11601.75
EA55A382-9927-4328-A159-E30F88EA2D9F,旅游饮食,1223.00,2025年10月08日 00:10:00,,支出,建行1977,51C1890B-1A81-4CBB-851C-7E68B5214EDE,,11601.75
D5E8E24D-9D49-45AE-A164-2DDCBE2F8C89,旅游饮食,136.00,2025年10月08日 00:11:00,,支出,建行1977,51C1890B-1A81-4CBB-851C-7E68B5214EDE,,11601.75
C3255459-6706-4FB1-96E9-1467CA2042EE,旅游饮食,249.00,2025年10月09日 00:09:00,,支出,建行1977,51C1890B-1A81-4CBB-851C-7E68B5214EDE,,11601.75
362E9187-0AB6-417C-98DB-0F6C291CD6A9,住房,1391.12,2025年10月09日 00:14:00,,支出,建行1977,51C1890B-1A81-4CBB-851C-7E68B5214EDE,,11601.75
896E0767-6A6A-4C52-A4D0-57222722CC1F,旅游交通,178.00,2025年10月10日 00:08:00,神州租车,支出,建行1977,51C1890B-1A81-4CBB-851C-7E68B5214EDE,,11601.75
90EF7387-DFBE-4A23-9F9B-CD3F6C8D7B7B,礼物,988.19,2025年10月10日 00:12:00,爸生日礼物耳机,支出,建行1977,51C1890B-1A81-4CBB-851C-7E68B5214EDE,,11601.75
91319AD6-6B55-4A7A-AF72-03482BDEC2F1,旅游交通,600.00,2025年10月11日 00:06:00,飞机,支出,建行1977,51C1890B-1A81-4CBB-851C-7E68B5214EDE,,11601.75
53CCFFDB-7741-4CC2-9D36-06D96A3A0D30,旅游饮食,137.70,2025年10月11日 20:07:00,,支出,建行1977,51C1890B-1A81-4CBB-851C-7E68B5214EDE,,11601.75
F7E75E19-BF6B-4047-8C08-6B30F6255226,旅游娱乐,83.00,2025年10月12日 16:05:00,,支出,建行1977,51C1890B-1A81-4CBB-851C-7E68B5214EDE,,11601.75
62A2E38B-D793-4918-9CA1-253C255441EA,旅游饮食,31.00,2025年10月13日 10:02:00,,支出,建行1977,51C1890B-1A81-4CBB-851C-7E68B5214EDE,,11601.75
42277CEC-332E-4ED6-ABA0-59518112B170,旅游交通,10.33,2025年10月13日 11:03:00,,支出,建行1977,51C1890B-1A81-4CBB-851C-7E68B5214EDE,,11601.75
B12A764F-8E5F-414C-A0E0-1480CFF6DA1A,旅游交通,91.70,2025年10月13日 19:00:00,高速,支出,建行1977,51C1890B-1A81-4CBB-851C-7E68B5214EDE,,11601.75
B09C1D52-639C-4055-AEA8-B43B0A78E4F1,旅游交通,33.00,2025年10月13日 20:01:00,加油,支出,建行1977,51C1890B-1A81-4CBB-851C-7E68B5214EDE,,11601.75
E505A96E-CC74-46B3-88AB-D1E468A607B7,住房,309.30,2025年10月14日 15:00:56,物业,支出,建行1977,51C1890B-1A81-4CBB-851C-7E68B5214EDE,,11601.75
BAB00971-4CCB-41F0-B611-3504C458AD49,电器数码,150.00,2025年10月15日 14:35:27,修新风,支出,建行1977,51C1890B-1A81-4CBB-851C-7E68B5214EDE,,11601.75
312821F7-E192-4BE6-93CB-68645A0FB069,交通,8.00,2025年10月15日 18:21:53,,支出,建行1977,51C1890B-1A81-4CBB-851C-7E68B5214EDE,,11601.75
5C52EDA2-E461-4A6B-A373-C199A91E629E,交通,246.57,2025年10月16日 10:15:21,加油,支出,建行1977,51C1890B-1A81-4CBB-851C-7E68B5214EDE,,11601.75
67AE346E-F664-499F-B007-163F25EDD50C,运动,391.00,2025年10月16日 22:03:00,滑雪3h2man,支出,建行1977,51C1890B-1A81-4CBB-851C-7E68B5214EDE,,11601.75
558980CF-6A33-402F-9B92-8175E2A3BD24,奖金,1000.00,2025年10月17日 17:59:34,华加沙台风抢修,收入,建行1977,51C1890B-1A81-4CBB-851C-7E68B5214EDE,,11601.75
5BCC047A-1341-4777-B422-3A11A04E4CB4,奖金,6472.51,2025年10月17日 18:00:16,二季度绩效,收入,建行1977,51C1890B-1A81-4CBB-851C-7E68B5214EDE,,11601.75
28E4C049-51DF-4272-BB80-80A53F20627D,工资,4252.38,2025年10月17日 18:01:56,,收入,建行1977,51C1890B-1A81-4CBB-851C-7E68B5214EDE,,11601.75
5F612DDA-B642-41F6-993B-0E6D0D839B75,吃饭,45.00,2025年10月17日 21:46:47,,支出,建行1977,51C1890B-1A81-4CBB-851C-7E68B5214EDE,,11601.75
1DBCCE2E-F61A-47C7-92CA-698D2D56402E,饮料,34.60,2025年10月17日 22:04:32,,支出,建行1977,51C1890B-1A81-4CBB-851C-7E68B5214EDE,,11601.75
D31AE7F7-5894-4BEA-A94D-07B99890866E,零食,12.00,2025年10月18日 21:11:01,,支出,建行1977,51C1890B-1A81-4CBB-851C-7E68B5214EDE,,11601.75
5160E39C-0611-49B1-94E5-278959688552,零食,12.40,2025年10月18日 21:29:09,,支出,建行1977,51C1890B-1A81-4CBB-851C-7E68B5214EDE,,11601.75
A2EA730B-3828-4684-A8CA-91A817CE91A0,零食,26.00,2025年10月19日 11:45:38,,支出,建行1977,51C1890B-1A81-4CBB-851C-7E68B5214EDE,,11601.75
31900AB5-8B33-42BC-84AA-94F0098579CB,吃饭,16.00,2025年10月20日 12:16:17,,支出,建行1977,51C1890B-1A81-4CBB-851C-7E68B5214EDE,,11601.75
696711EF-E6F0-4980-A96A-D7548C3C1D84,网吧,91.00,2025年10月20日 12:16:24,,支出,建行1977,51C1890B-1A81-4CBB-851C-7E68B5214EDE,,11601.75
DBF328BB-7C83-4888-9EA4-CECCD9607357,医疗,16.30,2025年10月21日 08:29:00,,支出,建行1977,51C1890B-1A81-4CBB-851C-7E68B5214EDE,,11601.75
F59B1F91-8EE5-42C8-B752-DCF7978E4800,工资,2397.30,2025年10月21日 11:56:45,,收入,建行1977,51C1890B-1A81-4CBB-851C-7E68B5214EDE,,11601.75
F39ACED9-830E-47D7-B00B-C82F5E3D00DA,饮料,13.50,2025年10月21日 16:04:10,,支出,建行1977,51C1890B-1A81-4CBB-851C-7E68B5214EDE,,11601.75
B3EBEDC4-36B5-41D3-AAE1-7BD1B3C348B1,零食,28.91,2025年10月21日 19:01:52,,支出,建行1977,51C1890B-1A81-4CBB-851C-7E68B5214EDE,,11601.75
1F913156-48BE-4BEF-BBFF-EC8C1E0E32BB,饮料,11.00,2025年10月21日 21:29:22,,支出,建行1977,51C1890B-1A81-4CBB-851C-7E68B5214EDE,,11601.75
EC997491-243E-4664-B601-D77158DEED29,电器数码,66.73,2025年10月22日 10:17:00,随身wifi,支出,建行1977,51C1890B-1A81-4CBB-851C-7E68B5214EDE,,11601.75
24CAD620-67D6-48D6-A0EC-024994E9EF82,医疗,20.90,2025年10月23日 08:29:10,,支出,建行1977,51C1890B-1A81-4CBB-851C-7E68B5214EDE,,11601.75
BB465DA3-0D0F-42BD-B06D-71A7B5B77673,公积金,3702.00,2025年10月23日 18:00:55,,收入,建行1977,51C1890B-1A81-4CBB-851C-7E68B5214EDE,,11601.75
4E68EA65-C6B7-4E52-BF4C-46E652C6120A,交通,4.00,2025年10月23日 19:09:57,,支出,建行1977,51C1890B-1A81-4CBB-851C-7E68B5214EDE,,11601.75
325BE263-ECE9-4077-8EEB-F05B457BA868,运动,187.00,2025年10月24日 14:53:00,滑雪,支出,建行1977,51C1890B-1A81-4CBB-851C-7E68B5214EDE,,11601.75
FBE59246-BF6C-4C1B-A60D-B26288AAA97E,电器数码,12.90,2025年10月25日 12:18:52,c转USB,支出,建行1977,51C1890B-1A81-4CBB-851C-7E68B5214EDE,,11601.75
EE343D18-A2FE-4338-8EDB-09D6B4D75253,零食,14.00,2025年10月25日 18:40:14,,支出,建行1977,51C1890B-1A81-4CBB-851C-7E68B5214EDE,,11601.75
3A02B69E-8A9E-4A0E-BA82-37AC16B0834F,网吧,4.00,2025年10月26日 11:14:21,,支出,建行1977,51C1890B-1A81-4CBB-851C-7E68B5214EDE,,11601.75
1A285A20-BB46-46EF-9693-F5763B6602D9,饮料,16.50,2025年10月26日 13:11:25,,支出,建行1977,51C1890B-1A81-4CBB-851C-7E68B5214EDE,,11601.75
F00F9E05-5406-4965-B53B-50BB337675DE,吃饭,19.50,2025年10月26日 13:11:31,,支出,建行1977,51C1890B-1A81-4CBB-851C-7E68B5214EDE,,11601.75
D4C4D15A-2DE1-423E-858F-635A63FE015A,育儿,68.00,2025年10月26日 21:21:32,天行健,支出,建行1977,51C1890B-1A81-4CBB-851C-7E68B5214EDE,,11601.75
6292B221-A7E0-44A3-A83C-BD8BF7A90890,吃饭,14.90,2025年10月27日 11:38:14,,支出,建行1977,51C1890B-1A81-4CBB-851C-7E68B5214EDE,,11601.75
C1658521-8309-4726-A301-4FEEB0043E6D,吃饭,9.90,2025年10月28日 08:59:00,,支出,建行1977,51C1890B-1A81-4CBB-851C-7E68B5214EDE,,11601.75
BAC8C6CA-ACC1-4C07-8500-40853EDD5489,吃饭,11.00,2025年10月28日 12:12:00,,支出,建行1977,51C1890B-1A81-4CBB-851C-7E68B5214EDE,,11601.75
3FE1F58F-B977-4DA3-BDEB-DC3576345190,饮料,16.50,2025年10月28日 12:13:00,,支出,建行1977,51C1890B-1A81-4CBB-851C-7E68B5214EDE,,11601.75
9C413278-0E01-45AA-8105-F2C232710738,学习,49.00,2025年10月29日 11:19:37,影视飓风Apple log 教程,支出,建行1977,51C1890B-1A81-4CBB-851C-7E68B5214EDE,,11601.75
C6EC093D-DB3D-4961-9D98-DE7E6E99E545,饮料,13.50,2025年10月29日 12:30:10,,支出,建行1977,51C1890B-1A81-4CBB-851C-7E68B5214EDE,,11601.75
0E6CA5D0-80D6-4190-A74D-6F057E9AD762,吃饭,16.00,2025年10月29日 12:30:20,,支出,建行1977,51C1890B-1A81-4CBB-851C-7E68B5214EDE,,11601.75
059740AF-5471-4477-80F4-8562D3F1826B,理发,222.00,2025年10月29日 20:39:00,tone三次卡,支出,建行1977,51C1890B-1A81-4CBB-851C-7E68B5214EDE,,11601.75
922421D6-9340-4620-96B4-09C2A0BC851B,吃饭,15.00,2025年10月30日 11:39:47,,支出,建行1977,51C1890B-1A81-4CBB-851C-7E68B5214EDE,,11601.75
18475905-5FF4-47C3-99F1-B6907A7C9A11,饮料,16.50,2025年10月30日 12:05:32,,支出,建行1977,51C1890B-1A81-4CBB-851C-7E68B5214EDE,,11601.75
C9716052-36DE-4E0C-A186-CF88B7A75463,吃饭,11.00,2025年10月31日 12:06:23,,支出,建行1977,51C1890B-1A81-4CBB-851C-7E68B5214EDE,,11601.75
76E3E769-E9F4-463C-B414-5181F2BA4718,饮料,16.50,2025年10月31日 12:19:42,,支出,建行1977,51C1890B-1A81-4CBB-851C-7E68B5214EDE,,11601.75
11EB1BC1-11F2-42AD-873F-DD12EF3EC3EB,游戏,68.04,2025年10月31日 20:07:52,ps5游戏 底特律：变人,支出,建行1977,51C1890B-1A81-4CBB-851C-7E68B5214EDE,,11601.75
438E1013-A10E-4AEA-8418-730F74062D5C,育儿,14.74,2025年11月02日 12:25:35,竹蜻蜓,支出,建行1977,51C1890B-1A81-4CBB-851C-7E68B5214EDE,,11601.75
045DBBDE-AA6C-413A-AC9E-51970A1C53EF,装修,104.05,2025年11月02日 12:29:07,鱼,支出,建行1977,51C1890B-1A81-4CBB-851C-7E68B5214EDE,,11601.75
3B8F6520-B07E-4D4D-8B8D-D006DA74EFBE,交通,9.00,2025年11月02日 18:41:11,,支出,建行1977,51C1890B-1A81-4CBB-851C-7E68B5214EDE,,11601.75
CB72CC39-CDCC-4A3D-A2A1-1345112199B9,零食,21.90,2025年11月02日 21:20:49,,支出,建行1977,51C1890B-1A81-4CBB-851C-7E68B5214EDE,,11601.75
2AAE30E1-4FC2-4AE3-B39A-5BFF9588FAC6,订阅,11.00,2025年11月03日 00:00:00,Apple Music,支出,建行1977,51C1890B-1A81-4CBB-851C-7E68B5214EDE,,11601.75
9EC5C748-8ECA-4519-B72C-86EAB4755969,通讯,100.00,2025年11月03日 09:55:00,,支出,建行1977,51C1890B-1A81-4CBB-851C-7E68B5214EDE,,11601.75
462145ED-4EEC-44C2-8482-B2D6C13490B6,吃饭,18.00,2025年11月03日 12:11:41,,支出,建行1977,51C1890B-1A81-4CBB-851C-7E68B5214EDE,,11601.75
813D78A0-CAA1-4014-8415-5F507FAA7E84,吃饭,11.00,2025年11月04日 11:45:06,,支出,建行1977,51C1890B-1A81-4CBB-851C-7E68B5214EDE,,11601.75
24898F3C-999C-42CB-B3B1-F3A0FA9F7EAC,吃饭,4.50,2025年11月04日 11:58:54,,支出,建行1977,51C1890B-1A81-4CBB-851C-7E68B5214EDE,,11601.75
A63990F0-C20B-42F0-98B8-458EEA45AF36,吃饭,13.90,2025年11月05日 09:50:00,,支出,建行1977,51C1890B-1A81-4CBB-851C-7E68B5214EDE,,11601.75
E8213897-297A-46A3-9991-BFE15D82141E,住房,309.30,2025年11月05日 09:50:00,物业,支出,建行1977,51C1890B-1A81-4CBB-851C-7E68B5214EDE,,11601.75
704953B3-90AB-4FA3-B8A9-04ECDF0F33A5,吃饭,24.00,2025年11月05日 12:50:00,,支出,建行1977,51C1890B-1A81-4CBB-851C-7E68B5214EDE,,11601.75
7F4751C7-61BD-457B-9136-B99E8D3C03CC,饮料,6.60,2025年11月05日 12:51:00,,支出,建行1977,51C1890B-1A81-4CBB-851C-7E68B5214EDE,,11601.75
ECD83FA5-C197-4007-B6CD-4BCB3DD061BF,饮料,13.50,2025年11月06日 12:13:01,,支出,建行1977,51C1890B-1A81-4CBB-851C-7E68B5214EDE,,11601.75
5FF6596E-0993-4C18-AB33-C40D329AF211,吃饭,16.00,2025年11月06日 12:13:05,,支出,建行1977,51C1890B-1A81-4CBB-851C-7E68B5214EDE,,11601.75
426EBAFE-8958-4B1F-83F4-7B045EFC00C2,零食,3.00,2025年11月06日 19:07:23,,支出,建行1977,51C1890B-1A81-4CBB-851C-7E68B5214EDE,,11601.75
E8EDDFDD-F77E-4F4A-8A58-AD6A189E71C4,住房,5876.00,2025年11月07日 09:27:21,房贷,支出,建行1977,51C1890B-1A81-4CBB-851C-7E68B5214EDE,,11601.75
A7CFAC05-B1E5-4F5C-A0E1-94CE6370DCB8,吃饭,11.80,2025年11月07日 12:01:29,,支出,建行1977,51C1890B-1A81-4CBB-851C-7E68B5214EDE,,11601.75
A1D5E43D-1DA7-4B61-9BA0-3BE87DEAC734,网吧,313.00,2025年11月07日 12:51:19,,支出,建行1977,51C1890B-1A81-4CBB-851C-7E68B5214EDE,,11601.75
EB6CC025-538A-4833-8181-77B545E8CC5A,运动,234.00,2025年11月07日 14:17:00,滑雪,支出,建行1977,51C1890B-1A81-4CBB-851C-7E68B5214EDE,,11601.75
F1A79BF8-C210-45D9-9F4A-E24D2FB35F4B,转账支出,3000.00,2025年11月07日 15:03:00,家庭,支出,建行1977,51C1890B-1A81-4CBB-851C-7E68B5214EDE,,11601.75
2A625622-01BC-4BEA-84C3-3D97535960EF,吃饭,20.00,2025年11月07日 19:17:36,,支出,建行1977,51C1890B-1A81-4CBB-851C-7E68B5214EDE,,11601.75
464B4D79-AB74-47FD-8800-1F009CA5D553,住房,287.83,2025年11月07日 22:11:08,水费,支出,建行2109,38650502-45C7-44BF-BDCD-DFED6315D68F,,31171.53
5BEE4C0A-0EE6-419C-A310-998A5DDF9767,住房,437.31,2025年11月09日 20:12:34,电费,支出,建行2109,38650502-45C7-44BF-BDCD-DFED6315D68F,,31171.53
6B476852-9E50-4CC7-ACD9-2D971F837A05,吃饭,19.90,2025年11月10日 08:12:15,,支出,建行1977,51C1890B-1A81-4CBB-851C-7E68B5214EDE,,11601.75
D51A438E-DED4-42F8-875A-B60431534835,吃饭,27.00,2025年11月10日 12:44:17,,支出,建行1977,51C1890B-1A81-4CBB-851C-7E68B5214EDE,,11601.75
4ED91441-81A5-48FF-A30B-59497BC7636C,交通,237.77,2025年11月10日 12:50:19,加油,支出,建行1977,51C1890B-1A81-4CBB-851C-7E68B5214EDE,,11601.75
ECC2B9FF-6C98-4186-A00C-9B0E8B595B50,日用,60.00,2025年11月10日 15:01:10,吉列刀头,支出,建行1977,51C1890B-1A81-4CBB-851C-7E68B5214EDE,,11601.75
3550786B-3EA2-4B9F-9687-A1446C90BDA2,零食,66.80,2025年11月10日 22:13:19,,支出,建行1977,51C1890B-1A81-4CBB-851C-7E68B5214EDE,,11601.75
2E05CBD3-3B10-41E9-88F7-0A1DB385C634,吃饭,14.00,2025年11月11日 12:12:00,,支出,建行1977,51C1890B-1A81-4CBB-851C-7E68B5214EDE,,11601.75
388BE8A7-F4FF-4EEE-877D-9F89DCA89ED0,饮料,15.50,2025年11月11日 12:26:33,,支出,建行1977,51C1890B-1A81-4CBB-851C-7E68B5214EDE,,11601.75
9AD5C09B-1C11-4E03-B04D-DA4751FE4268,饮料,18.00,2025年11月11日 21:24:19,,支出,建行1977,51C1890B-1A81-4CBB-851C-7E68B5214EDE,,11601.75
9E7D7E39-BC51-4249-9004-A66628B352B1,交通,13.77,2025年11月12日 08:28:23,,支出,建行1977,51C1890B-1A81-4CBB-851C-7E68B5214EDE,,11601.75
6E66FC85-A9F4-40E8-98BB-114FA1AB8642,吃饭,16.00,2025年11月12日 12:27:52,,支出,建行1977,51C1890B-1A81-4CBB-851C-7E68B5214EDE,,11601.75
2CEF7005-AE53-4F64-BBA7-D171E02C7C90,饮料,17.50,2025年11月12日 12:32:32,,支出,建行1977,51C1890B-1A81-4CBB-851C-7E68B5214EDE,,11601.75
EFEDB53C-F247-45F1-A7E7-E9AEC038F076,吃饭,13.90,2025年11月13日 08:31:26,,支出,建行1977,51C1890B-1A81-4CBB-851C-7E68B5214EDE,,11601.75
BEA573A5-4B86-43C3-B41F-C5FBC58D0F97,吃饭,16.00,2025年11月13日 12:23:04,,支出,建行1977,51C1890B-1A81-4CBB-851C-7E68B5214EDE,,11601.75
E4EBB7FB-09B5-4C2B-AC48-70E2799F03FB,饮料,15.50,2025年11月13日 12:24:55,,支出,建行1977,51C1890B-1A81-4CBB-851C-7E68B5214EDE,,11601.75
29C9D30C-9C2F-4BA2-B278-3A01F33A42F3,零食,87.70,2025年11月13日 21:21:48,,支出,建行1977,51C1890B-1A81-4CBB-851C-7E68B5214EDE,,11601.75
44C8F0B5-0D90-4758-BF15-0D3744F07758,饮料,15.70,2025年11月14日 11:46:06,,支出,建行1977,51C1890B-1A81-4CBB-851C-7E68B5214EDE,,11601.75
D931D501-5849-410A-8F03-1E76256123F9,交通,11.00,2025年11月15日 15:49:21,,支出,建行1977,51C1890B-1A81-4CBB-851C-7E68B5214EDE,,11601.75
F27794F9-DD19-4EE1-8FC3-8475B3ED809B,吃饭,18.80,2025年11月16日 17:01:57,,支出,建行1977,51C1890B-1A81-4CBB-851C-7E68B5214EDE,,11601.75
6C18DFC2-B332-428C-830F-6B10CEE9A1EC,吃饭,13.90,2025年11月17日 08:30:09,,支出,建行1977,51C1890B-1A81-4CBB-851C-7E68B5214EDE,,11601.75
6184BDC3-07D3-4423-BE45-A2271DCB88DA,投资亏损,286.90,2025年11月17日 10:17:55,中国核电,支出,广发证券,010E252F-98A3-4823-818C-5F59C8CD47CE,,64384.71
4B670E31-891F-46CB-8F3C-EC16C397297E,吃饭,16.00,2025年11月17日 12:14:17,,支出,建行1977,51C1890B-1A81-4CBB-851C-7E68B5214EDE,,11601.75
3BB8F83B-1D09-436A-87AC-B7EE12EF7C91,饮料,15.70,2025年11月17日 12:16:40,,支出,建行1977,51C1890B-1A81-4CBB-851C-7E68B5214EDE,,11601.75
A1211923-22D5-4E89-A562-D5C7CF15D7BD,吃饭,14.90,2025年11月17日 20:43:00,,支出,建行1977,51C1890B-1A81-4CBB-851C-7E68B5214EDE,,11601.75
2AD68FD8-44A0-44D7-9627-291C2E486A5A,工资,3409.96,2025年11月18日 08:16:00,,收入,建行1977,51C1890B-1A81-4CBB-851C-7E68B5214EDE,,11601.75
D5A8D5B6-A4B5-4F89-8234-9A5272352DCE,工资,1596.65,2025年11月18日 08:17:00,,收入,建行1977,51C1890B-1A81-4CBB-851C-7E68B5214EDE,,11601.75
A76A0AB0-FF90-49F2-B238-C6E230720F6B,奖金,1643.25,2025年11月18日 08:17:00,,收入,建行1977,51C1890B-1A81-4CBB-851C-7E68B5214EDE,,11601.75
CA036A07-0C83-4759-9610-1D0F1AB3BC7A,奖金,2682.43,2025年11月18日 08:18:00,,收入,建行1977,51C1890B-1A81-4CBB-851C-7E68B5214EDE,,11601.75
5468C63B-6E09-47B2-BB25-E2F541363964,饮料,15.50,2025年11月18日 12:42:00,,支出,建行1977,51C1890B-1A81-4CBB-851C-7E68B5214EDE,,11601.75
6EF6D07C-D9FD-499B-8882-D3ADB260A87B,零食,29.90,2025年11月19日 08:15:00,,支出,建行1977,51C1890B-1A81-4CBB-851C-7E68B5214EDE,,11601.75
7477A24B-959E-4144-941B-901A26BE74FC,吃饭,16.00,2025年11月19日 11:41:00,,支出,建行1977,51C1890B-1A81-4CBB-851C-7E68B5214EDE,,11601.75
454F8724-F9AF-491C-97D8-96B35844ACE7,饮料,15.50,2025年11月19日 12:42:00,,支出,建行1977,51C1890B-1A81-4CBB-851C-7E68B5214EDE,,11601.75
F326A0E8-C3B2-40EB-87EA-7D8F5D89C6F7,吃饭,12.00,2025年11月20日 11:41:00,,支出,建行1977,51C1890B-1A81-4CBB-851C-7E68B5214EDE,,11601.75
0B267270-9F82-4F82-859A-35A52FC4D524,饮料,15.50,2025年11月20日 12:42:00,,支出,建行1977,51C1890B-1A81-4CBB-851C-7E68B5214EDE,,11601.75
2D3501A2-F933-456D-8EED-1024A5C26624,零食,28.50,2025年11月20日 17:40:56,,支出,建行1977,51C1890B-1A81-4CBB-851C-7E68B5214EDE,,11601.75
7C94F9A4-5ECC-43FB-8306-7CF46C0D88F2,吃饭,77.00,2025年11月21日 12:45:00,,支出,建行1977,51C1890B-1A81-4CBB-851C-7E68B5214EDE,,11601.75
D67AA5B6-DCC0-49B7-B975-5BEB46B6E6A9,运动,243.00,2025年11月21日 14:46:00,滑雪,支出,建行1977,51C1890B-1A81-4CBB-851C-7E68B5214EDE,,11601.75
A992A2F8-7D07-4C97-B173-610EE84D2B72,吃饭,14.00,2025年11月21日 20:00:43,,支出,建行1977,51C1890B-1A81-4CBB-851C-7E68B5214EDE,,11601.75
875BC285-2877-4194-929B-1B0615F30DDB,吃饭,14.90,2025年11月24日 12:15:52,,支出,建行1977,51C1890B-1A81-4CBB-851C-7E68B5214EDE,,11601.75
D83D21BC-439C-4D6B-943B-45BA649AFA5C,公积金,3702.00,2025年11月24日 17:58:48,,收入,建行1977,51C1890B-1A81-4CBB-851C-7E68B5214EDE,,11601.75
08CC2EAC-2F07-440C-82E7-730FE5078C3F,交通,231.69,2025年11月24日 18:52:26,加油,支出,建行1977,51C1890B-1A81-4CBB-851C-7E68B5214EDE,,11601.75
D80083B1-920D-4E31-85C6-6550FF1DFC2C,投资亏损,176.42,2025年11月25日 10:07:53,美的集团,支出,广发证券,010E252F-98A3-4823-818C-5F59C8CD47CE,,64384.71
D94B46ED-9A61-42E9-B15E-ADF6C3140DCF,饮料,14.70,2025年11月25日 14:01:00,,支出,建行1977,51C1890B-1A81-4CBB-851C-7E68B5214EDE,,11601.75
824F96A4-2D43-4ED2-BBB8-ECA70B602D0D,饮料,14.70,2025年11月26日 12:26:55,,支出,建行1977,51C1890B-1A81-4CBB-851C-7E68B5214EDE,,11601.75
237CFBF3-CD9B-42D6-8414-24CF12A4F1C7,吃饭,15.90,2025年11月26日 12:27:01,,支出,建行1977,51C1890B-1A81-4CBB-851C-7E68B5214EDE,,11601.75
7793FA6D-0CB0-4B60-B35C-0D87B4742356,吃饭,7.90,2025年11月27日 08:33:48,,支出,建行1977,51C1890B-1A81-4CBB-851C-7E68B5214EDE,,11601.75
D9B40DDB-21EC-43CE-82D6-DC4BC9EB53DC,饮料,14.70,2025年11月27日 12:21:04,,支出,建行1977,51C1890B-1A81-4CBB-851C-7E68B5214EDE,,11601.75
15F5E97F-AAE0-459D-80BC-B1579A2116C4,电器数码,27.10,2025年11月27日 19:59:10,Apple Pencil笔头,支出,建行1977,51C1890B-1A81-4CBB-851C-7E68B5214EDE,,11601.75
20216EF6-D4D9-44C1-99C9-B97456D71CE0,零食,21.60,2025年11月27日 21:36:43,,支出,建行1977,51C1890B-1A81-4CBB-851C-7E68B5214EDE,,11601.75
18B2DFA8-69C3-44D6-8E68-9EDFDC7FF32B,吃饭,92.00,2025年11月28日 12:15:36,,支出,建行1977,51C1890B-1A81-4CBB-851C-7E68B5214EDE,,11601.75
7283F428-3089-4453-8930-94A8A7800EA5,饮料,14.70,2025年11月28日 12:45:06,,支出,建行1977,51C1890B-1A81-4CBB-851C-7E68B5214EDE,,11601.75
9126C1FF-EBE9-4BAA-84E4-048D10CDDE30,吃饭,22.00,2025年11月28日 19:09:43,,支出,建行1977,51C1890B-1A81-4CBB-851C-7E68B5214EDE,,11601.75
268D37B4-7718-4EFA-B046-F1211692DC2F,吃饭,13.90,2025年11月30日 09:15:12,,支出,建行1977,51C1890B-1A81-4CBB-851C-7E68B5214EDE,,11601.75
3C0275D2-BAE3-419A-A134-039304BF86BB,饮料,14.50,2025年11月30日 14:55:10,,支出,建行1977,51C1890B-1A81-4CBB-851C-7E68B5214EDE,,11601.75
DD531ABE-C62B-40B6-9C76-2C62AD77C7B0,吃饭,21.80,2025年12月01日 08:31:04,,支出,建行1977,51C1890B-1A81-4CBB-851C-7E68B5214EDE,,11601.75
25E547DB-E16D-47F3-93D2-04B097416835,吃饭,22.88,2025年12月01日 12:42:25,,支出,建行1977,51C1890B-1A81-4CBB-851C-7E68B5214EDE,,11601.75
2D685A9F-7B16-41F8-B47B-7ABBA9ED09F1,饮料,14.70,2025年12月01日 13:16:11,,支出,建行1977,51C1890B-1A81-4CBB-851C-7E68B5214EDE,,11601.75
CE5E43B8-844E-4066-99B9-40566E09BA9C,吃饭,24.64,2025年12月02日 12:05:32,,支出,建行1977,51C1890B-1A81-4CBB-851C-7E68B5214EDE,,11601.75
A35BF696-5339-4166-8C35-0AC6FCEA05B0,订阅,11.00,2025年12月03日 00:00:00,Apple Music,支出,建行1977,51C1890B-1A81-4CBB-851C-7E68B5214EDE,,11601.75
7389CF4D-180D-4EE9-88A6-A1D39B2D71E7,吃饭,35.00,2025年12月03日 12:53:01,,支出,建行1977,51C1890B-1A81-4CBB-851C-7E68B5214EDE,,11601.75
A2BAF044-04CA-4509-8305-0E658D55DD5F,订阅,63.89,2025年12月03日 23:16:14,VPN,支出,建行1977,51C1890B-1A81-4CBB-851C-7E68B5214EDE,,11601.75
BBCF5465-279C-4417-AAE9-04A5173C01C5,吃饭,90.00,2025年12月04日 12:28:00,,支出,建行1977,51C1890B-1A81-4CBB-851C-7E68B5214EDE,,11601.75
864F2275-29EC-4DCA-91A7-A6E9F945F9DC,通讯,200.00,2025年12月05日 05:31:00,,支出,建行1977,51C1890B-1A81-4CBB-851C-7E68B5214EDE,,11601.75
1B628A84-62B5-4CF3-8A97-4E8F4FC13B8C,吃饭,25.40,2025年12月05日 08:27:00,,支出,建行1977,51C1890B-1A81-4CBB-851C-7E68B5214EDE,,11601.75
377F7910-D82F-4BA5-B780-03566C227ECF,饮料,22.00,2025年12月05日 12:27:00,,支出,建行1977,51C1890B-1A81-4CBB-851C-7E68B5214EDE,,11601.75
42667B4B-1A35-4F4E-B928-DBDA6C27D9C3,吃饭,14.90,2025年12月05日 12:27:00,,支出,建行1977,51C1890B-1A81-4CBB-851C-7E68B5214EDE,,11601.75
52F0E068-2A70-43EA-AFCF-21D78EDD37E6,吃饭,6.00,2025年12月05日 19:27:00,,支出,建行1977,51C1890B-1A81-4CBB-851C-7E68B5214EDE,,11601.75
5C4AC676-A003-48BA-9873-15CEA5B89883,订阅,49.00,2025年12月06日 01:31:00,VPN,支出,建行1977,51C1890B-1A81-4CBB-851C-7E68B5214EDE,,11601.75
9F1FC7BC-8169-4348-B143-FAAFD8D08A07,医疗,2780.00,2025年12月06日 15:23:00,根管治疗,支出,建行1977,51C1890B-1A81-4CBB-851C-7E68B5214EDE,,11601.75
517193A5-51A0-4045-9CE0-20ACB259A0A4,订阅,88.00,2025年12月06日 17:23:00,infuse,支出,建行1977,51C1890B-1A81-4CBB-851C-7E68B5214EDE,,11601.75
90B01446-B286-44BE-8DFC-D93F9081B925,住房,4497.75,2025年12月07日 07:38:00,,支出,建行1977,51C1890B-1A81-4CBB-851C-7E68B5214EDE,,11601.75
76F9DB7F-504B-4032-8EB5-05538682E2FC,交通,5.00,2025年12月07日 12:23:00,,支出,建行1977,51C1890B-1A81-4CBB-851C-7E68B5214EDE,,11601.75
F9E6D40F-2DE8-4A21-921F-CB98EF3B890C,饮料,12.00,2025年12月07日 21:22:00,,支出,建行1977,51C1890B-1A81-4CBB-851C-7E68B5214EDE,,11601.75
53C640B2-ADAF-4340-AA50-AB3541142D26,吃饭,16.00,2025年12月08日 12:22:16,,支出,建行1977,51C1890B-1A81-4CBB-851C-7E68B5214EDE,,11601.75
26BBA9CC-950E-4B84-9660-B07226DFB147,饮料,16.70,2025年12月08日 12:25:53,,支出,建行1977,51C1890B-1A81-4CBB-851C-7E68B5214EDE,,11601.75
1E0FD788-5A63-431E-8AB7-980376FCDD96,订阅,11.00,2025年12月08日 12:30:24,tushare闲鱼,支出,建行1977,51C1890B-1A81-4CBB-851C-7E68B5214EDE,,11601.75
A6FDB02F-F974-47AC-AD19-FF438486DE25,吃饭,12.30,2025年12月09日 08:27:37,,支出,建行1977,51C1890B-1A81-4CBB-851C-7E68B5214EDE,,11601.75
D6FF5FCF-A9E1-432F-8423-06840765E0AE,住房,1330.04,2025年12月09日 08:30:00,,支出,建行1977,51C1890B-1A81-4CBB-851C-7E68B5214EDE,,11601.75
14EB3F84-5A48-4CFA-ABAD-693C759305ED,吃饭,14.80,2025年12月09日 12:47:50,,支出,建行1977,51C1890B-1A81-4CBB-851C-7E68B5214EDE,,11601.75
BEB205F2-84EC-4A17-87CE-696D681EECF8,饮料,16.70,2025年12月09日 13:00:40,,支出,建行1977,51C1890B-1A81-4CBB-851C-7E68B5214EDE,,11601.75
C99BF85F-4C9F-4E36-A492-D3E9BA3AA198,投资亏损,183.26,2025年12月09日 14:00:31,长盈精密,支出,广发证券,010E252F-98A3-4823-818C-5F59C8CD47CE,,64384.71
39A99654-E798-4AAA-B911-624559D75EBA,住房,319.10,2025年12月09日 20:20:00,电费,支出,建行1977,51C1890B-1A81-4CBB-851C-7E68B5214EDE,,11601.75
693E6320-E7BE-4608-9B29-8B8A3C325A14,吃饭,13.50,2025年12月10日 08:24:41,,支出,建行1977,51C1890B-1A81-4CBB-851C-7E68B5214EDE,,11601.75
9AFBC691-5B2B-40DE-B4BD-DA7D399EACB4,住房,77.26,2025年12月10日 09:18:22,燃气8月—12月8日，总费用448.5,支出,建行1977,51C1890B-1A81-4CBB-851C-7E68B5214EDE,,11601.75
DC252F80-E548-4784-8FA6-69E71711CC8A,吃饭,14.90,2025年12月10日 11:44:42,,支出,建行1977,51C1890B-1A81-4CBB-851C-7E68B5214EDE,,11601.75
97A105C8-B0F6-4D92-9D2F-76525FF65502,吃饭,9.90,2025年12月11日 08:27:10,,支出,建行1977,51C1890B-1A81-4CBB-851C-7E68B5214EDE,,11601.75
33ADD38E-4D67-458E-8CD6-A16BD95A8F53,吃饭,10.00,2025年12月11日 12:22:03,,支出,建行1977,51C1890B-1A81-4CBB-851C-7E68B5214EDE,,11601.75
CFAC3D60-FCD3-4E33-ADE5-C5E79637C604,饮料,16.50,2025年12月11日 12:22:39,,支出,建行1977,51C1890B-1A81-4CBB-851C-7E68B5214EDE,,11601.75
E7C67B5C-508C-4401-9DEB-4790FB9C7C06,吃饭,27.20,2025年12月12日 12:07:38,,支出,建行1977,51C1890B-1A81-4CBB-851C-7E68B5214EDE,,11601.75
B42FF404-214D-4DAD-BE39-2AAE7800A765,饮料,16.50,2025年12月12日 12:32:25,,支出,建行1977,51C1890B-1A81-4CBB-851C-7E68B5214EDE,,11601.75
81514748-E167-40BA-8900-780CA96C791E,吃饭,55.00,2025年12月14日 12:06:54,,支出,建行1977,51C1890B-1A81-4CBB-851C-7E68B5214EDE,,11601.75
0346C5E7-836E-4B69-A1B8-C6703BB75AB0,交通,6.00,2025年12月14日 13:33:00,,支出,建行1977,51C1890B-1A81-4CBB-851C-7E68B5214EDE,,11601.75
516EFB1D-ED7A-4C9E-80E6-B4D22D2FE225,吃饭,10.50,2025年12月15日 08:32:05,,支出,建行1977,51C1890B-1A81-4CBB-851C-7E68B5214EDE,,11601.75
BE67A149-0FD4-4D2F-AE2E-5A5A65093A55,吃饭,12.00,2025年12月15日 11:32:00,,支出,建行1977,51C1890B-1A81-4CBB-851C-7E68B5214EDE,,11601.75
11855D80-AB70-4F41-83C0-9FB94C0AF758,吃饭,27.20,2025年12月16日 12:31:00,,支出,建行1977,51C1890B-1A81-4CBB-851C-7E68B5214EDE,,11601.75
E6AC0EA8-5391-4C31-8442-7918320551B2,吃饭,6.00,2025年12月16日 18:31:00,,支出,建行1977,51C1890B-1A81-4CBB-851C-7E68B5214EDE,,11601.75
543AFB1B-CC2B-486C-8DA1-DF48A01C5CAB,学习,56.00,2025年12月17日 10:30:00,复审试验证报名,支出,建行1977,51C1890B-1A81-4CBB-851C-7E68B5214EDE,,11601.75
091CC3B2-1A42-4645-BCBB-00BB533F722D,吃饭,65.82,2025年12月17日 11:30:00,,支出,建行1977,51C1890B-1A81-4CBB-851C-7E68B5214EDE,,11601.75
61CEA212-38A5-4540-AD99-5900C84D2496,吃饭,45.00,2025年12月18日 13:01:12,,支出,建行1977,51C1890B-1A81-4CBB-851C-7E68B5214EDE,,11601.75
317674C3-6945-4246-9638-E36F95E5452D,饮料,32.00,2025年12月18日 13:01:19,,支出,建行1977,51C1890B-1A81-4CBB-851C-7E68B5214EDE,,11601.75
A7A4E692-AD77-4400-B568-554E7B968477,饮料,12.00,2025年12月18日 13:01:43,,支出,建行1977,51C1890B-1A81-4CBB-851C-7E68B5214EDE,,11601.75
28837AA1-B64A-44C0-A736-6DFC99B8D54D,饮料,7.00,2025年12月18日 14:11:51,,支出,建行1977,51C1890B-1A81-4CBB-851C-7E68B5214EDE,,11601.75
822405CE-985E-4EA8-AE0C-315C365F037B,工资,1400.79,2025年12月18日 18:04:49,,收入,建行1977,51C1890B-1A81-4CBB-851C-7E68B5214EDE,,11601.75
CBF6A679-477D-4EEE-8483-B02B3044A00B,工资,5187.92,2025年12月18日 18:05:12,,收入,建行1977,51C1890B-1A81-4CBB-851C-7E68B5214EDE,,11601.75
4E27EEEE-199F-4F99-B80C-1E7ADAC9D44E,吃饭,11.00,2025年12月19日 08:58:00,,支出,建行1977,51C1890B-1A81-4CBB-851C-7E68B5214EDE,,11601.75
020D48E2-3A92-4798-BA87-FB8743802F46,吃饭,18.00,2025年12月19日 11:58:09,,支出,建行1977,51C1890B-1A81-4CBB-851C-7E68B5214EDE,,11601.75
EED577C6-B02D-4544-B6BF-BC533906A786,网吧,38.00,2025年12月19日 18:06:35,,支出,建行1977,51C1890B-1A81-4CBB-851C-7E68B5214EDE,,11601.75
566B7B6D-5D2C-4E82-BF16-0CB57215B863,电器数码,5398.00,2025年12月20日 20:48:00,iPhone17,支出,建行1977,51C1890B-1A81-4CBB-851C-7E68B5214EDE,,11601.75
C2D5330C-4E66-4CCB-B5E0-C2AAC7CD1A8B,电器数码,134.50,2025年12月21日 02:47:46,iPhone配件,支出,建行1977,51C1890B-1A81-4CBB-851C-7E68B5214EDE,,11601.75
B771223D-7B23-442A-B510-37724A2EF281,电器数码,68.00,2025年12月21日 02:49:08,爱否会员,支出,建行1977,51C1890B-1A81-4CBB-851C-7E68B5214EDE,,11601.75
AB3F7240-188B-47F9-B1A1-7E040EA8E269,吃饭,25.00,2025年12月21日 11:10:39,,支出,建行1977,51C1890B-1A81-4CBB-851C-7E68B5214EDE,,11601.75
0F3F2961-B6C3-42CC-83D7-059FFA598FD2,零食,44.21,2025年12月21日 15:50:55,,支出,建行1977,51C1890B-1A81-4CBB-851C-7E68B5214EDE,,11601.75
A954A275-78F5-4DAA-ADD9-A7D7F7719B36,吃饭,23.70,2025年12月22日 11:51:19,,支出,建行1977,51C1890B-1A81-4CBB-851C-7E68B5214EDE,,11601.75
D7F66788-52B8-4C6C-BD23-9DA083B8DCB0,饮料,16.50,2025年12月22日 12:22:04,,支出,建行1977,51C1890B-1A81-4CBB-851C-7E68B5214EDE,,11601.75
14D38BBA-6397-4B7C-9153-D932D75E1A1A,公积金,3702.00,2025年12月22日 18:09:59,,收入,建行1977,51C1890B-1A81-4CBB-851C-7E68B5214EDE,,11601.75
0D6DFB1D-C1D2-4933-94D8-5028BF05DC9A,电器数码,41.60,2025年12月22日 21:08:52,iPhone17膜,支出,建行1977,51C1890B-1A81-4CBB-851C-7E68B5214EDE,,11601.75
FC620455-4D11-4CFE-80F5-E5B6E15FA464,吃饭,9.00,2025年12月23日 12:46:28,,支出,建行1977,51C1890B-1A81-4CBB-851C-7E68B5214EDE,,11601.75
434081C1-0C5C-4FF0-B170-C5B8905E84D8,吃饭,10.50,2025年12月24日 08:49:50,,支出,建行1977,51C1890B-1A81-4CBB-851C-7E68B5214EDE,,11601.75
6DF5F86D-E41E-46EA-A037-C3FC6691171E,吃饭,27.88,2025年12月24日 12:20:32,,支出,建行1977,51C1890B-1A81-4CBB-851C-7E68B5214EDE,,11601.75
28D98023-0DE9-4CB2-999F-828344699189,饮料,16.50,2025年12月24日 13:02:00,,支出,建行1977,51C1890B-1A81-4CBB-851C-7E68B5214EDE,,11601.75
E9A571B7-700E-4665-AD1F-CD405378D8E3,投资收益,158.32,2025年12月24日 14:56:17,万润股份,收入,广发证券,010E252F-98A3-4823-818C-5F59C8CD47CE,,64384.71
D940EB76-610F-4C47-9D55-E9FB9CFB89A5,汽车,3170.54,2025年12月24日 19:51:00,保险-500返现-300购物卡，3洗车1车漆,支出,建行1977,51C1890B-1A81-4CBB-851C-7E68B5214EDE,,11601.75
DDC3B887-8B7A-43F7-BAF6-68E31FFF0C45,投资收益,183.34,2025年12月25日 10:52:44,硕贝德,收入,广发证券,010E252F-98A3-4823-818C-5F59C8CD47CE,,64384.71
7A3544A2-3455-4B42-BD2F-BB02F3DABF33,转账收入,24000.00,2025年12月25日 16:11:00,老爸,收入,建行2109,38650502-45C7-44BF-BDCD-DFED6315D68F,,31171.53
3854CEF5-1FBD-4EF0-92C4-252746716CA8,理发,36.90,2025年12月25日 21:18:40,,支出,建行1977,51C1890B-1A81-4CBB-851C-7E68B5214EDE,,11601.75
397D86EF-B222-4CA0-9267-41E1E10B323C,吃饭,10.50,2025年12月26日 08:32:07,,支出,建行1977,51C1890B-1A81-4CBB-851C-7E68B5214EDE,,11601.75
21FE9A98-BA84-4E64-B839-B7FBD61EA948,投资亏损,271.31,2025年12月26日 09:48:47,工业富联,支出,广发证券,010E252F-98A3-4823-818C-5F59C8CD47CE,,64384.71
2523D977-DA6A-4A8A-8618-3E97C6CB1480,吃饭,24.00,2025年12月26日 12:01:02,,支出,建行1977,51C1890B-1A81-4CBB-851C-7E68B5214EDE,,11601.75
22F47BFB-6D6B-45A2-8DA9-B930355BA085,饮料,16.50,2025年12月26日 14:47:05,,支出,建行1977,51C1890B-1A81-4CBB-851C-7E68B5214EDE,,11601.75
F5FC4AFD-091F-40AA-921F-A3D316F44A9A,吃饭,59.00,2025年12月27日 12:04:52,,支出,建行1977,51C1890B-1A81-4CBB-851C-7E68B5214EDE,,11601.75
A8580728-7D9B-47C1-A602-84BBCA2F221F,吃饭,10.50,2025年12月29日 08:32:51,,支出,建行1977,51C1890B-1A81-4CBB-851C-7E68B5214EDE,,11601.75
047398A0-CCB1-485E-83FB-5A44D8F50007,吃饭,27.20,2025年12月29日 12:06:48,,支出,建行1977,51C1890B-1A81-4CBB-851C-7E68B5214EDE,,11601.75
1B82C4A6-EE32-48C6-A9CD-C63F0AFAE83F,饮料,16.50,2025年12月29日 12:28:42,,支出,建行1977,51C1890B-1A81-4CBB-851C-7E68B5214EDE,,11601.75
8EE9940A-38F8-4134-887A-CCBC86D3CDEF,吃饭,15.90,2025年12月30日 12:18:35,,支出,建行1977,51C1890B-1A81-4CBB-851C-7E68B5214EDE,,11601.75
E303FC93-D8B6-48E5-9B4F-EAF63BED8369,饮料,16.50,2025年12月30日 12:26:07,,支出,建行1977,51C1890B-1A81-4CBB-851C-7E68B5214EDE,,11601.75
1A1C79EC-E575-4AEB-A93C-E8DDB10AF6A8,吃饭,6.00,2025年12月31日 09:16:16,,支出,建行1977,51C1890B-1A81-4CBB-851C-7E68B5214EDE,,11601.75
6EA54984-F749-4DB0-8F8F-EF20FAFFAF62,吃饭,30.00,2025年12月31日 12:02:12,,支出,建行1977,51C1890B-1A81-4CBB-851C-7E68B5214EDE,,11601.75
DB3138AA-EAA6-410B-A7D4-F0B84EC8B013,饮料,8.80,2025年12月31日 14:25:37,,支出,建行1977,51C1890B-1A81-4CBB-851C-7E68B5214EDE,,11601.75
1BA8C935-2900-4F84-8DCD-4CD30BB93987,订阅,7.50,2026年01月01日 18:12:21,aptv源闲鱼,支出,建行1977,51C1890B-1A81-4CBB-851C-7E68B5214EDE,,11601.75
98E0F718-1CF6-4083-85B5-60D7627FEE36,二手收入,170.00,2026年01月01日 19:06:26,艾尔登法环,收入,支付宝,84959414-61BE-42AE-83C7-3416323FC753,,20110.69
9A3EF6F0-2408-40AF-8301-76A87A058A61,零食,128.00,2026年01月01日 19:23:00,香肠,支出,建行1977,51C1890B-1A81-4CBB-851C-7E68B5214EDE,,11601.75
C68B1CEC-A769-430A-B890-5BA06131CF6D,饮料,10.00,2026年01月02日 17:52:06,,支出,建行1977,51C1890B-1A81-4CBB-851C-7E68B5214EDE,,11601.75
AA3D63FD-403F-4A0E-8D0F-74897613279C,订阅,11.00,2026年01月03日 00:00:00,Apple Music,支出,建行1977,51C1890B-1A81-4CBB-851C-7E68B5214EDE,,11601.75
D5FD6A45-33D9-4E3A-A829-AA05FD633526,饮料,16.70,2026年01月03日 13:15:16,,支出,建行1977,51C1890B-1A81-4CBB-851C-7E68B5214EDE,,11601.75
C616D3BD-8A66-4AD5-8D0D-601717656163,通讯,100.00,2026年01月03日 15:43:37,,支出,建行1977,51C1890B-1A81-4CBB-851C-7E68B5214EDE,,11601.75
446DB401-3066-4815-ABA5-6D402BC5E235,学习,39.90,2026年01月03日 20:00:56,多啦a梦1～5,支出,建行1977,51C1890B-1A81-4CBB-851C-7E68B5214EDE,,11601.75
8B8DB316-D4F6-45E5-818E-C0B5FCA56672,日用,40.48,2026年01月03日 21:26:29,软水盐,支出,建行1977,51C1890B-1A81-4CBB-851C-7E68B5214EDE,,11601.75
91347BF2-CCA3-49B9-9E6E-89479808A212,吃饭,13.90,2026年01月04日 12:07:26,,支出,建行1977,51C1890B-1A81-4CBB-851C-7E68B5214EDE,,11601.75
CF4D553D-1D33-4E0B-ADC5-F0AB05A73190,零食,109.00,2026年01月04日 21:27:52,,支出,建行1977,51C1890B-1A81-4CBB-851C-7E68B5214EDE,,11601.75
0E56A40C-C0FB-4194-A195-5750F2073588,吃饭,14.90,2026年01月05日 12:02:09,,支出,建行1977,51C1890B-1A81-4CBB-851C-7E68B5214EDE,,11601.75
AF7453FD-C508-48A0-A76D-E5B5C6C0A14C,投资亏损,437.81,2026年01月05日 14:53:15,美的集团,支出,广发证券,010E252F-98A3-4823-818C-5F59C8CD47CE,,64384.71
B5B561E7-3A9D-4197-A09B-8160597493CF,投资收益,90.76,2026年01月06日 10:19:22,恒瑞医药,收入,广发证券,010E252F-98A3-4823-818C-5F59C8CD47CE,,64384.71
8A733880-45E6-488E-A69A-C1BE42C4FAA7,吃饭,86.00,2026年01月06日 19:37:36,,支出,建行1977,51C1890B-1A81-4CBB-851C-7E68B5214EDE,,11601.75
3F99457C-8632-465D-BAC5-C21FBDAB3118,住房,332.13,2026年01月06日 22:38:45,水费,支出,建行2109,38650502-45C7-44BF-BDCD-DFED6315D68F,,31171.53
72154A0C-194C-4598-8522-DB76A0C52A2D,住房,5879.73,2026年01月07日 00:00:00,,支出,建行2109,38650502-45C7-44BF-BDCD-DFED6315D68F,,31171.53
B534870F-8EFD-4910-99C7-082E64A01387,住房,309.30,2026年01月07日 09:16:39,物业,支出,建行2109,38650502-45C7-44BF-BDCD-DFED6315D68F,,31171.53
E4E81EAA-4349-4741-B076-6D09C80EC954,吃饭,16.00,2026年01月07日 12:23:50,,支出,建行1977,51C1890B-1A81-4CBB-851C-7E68B5214EDE,,11601.75
EF7D27D1-D134-4C35-BDA6-C181598A8604,饮料,15.50,2026年01月07日 12:35:18,幸绘,支出,建行1977,51C1890B-1A81-4CBB-851C-7E68B5214EDE,,11601.75
08802B62-0B5D-42AC-B6EF-4961A4E3B180,吃饭,16.00,2026年01月08日 12:20:51,,支出,建行1977,51C1890B-1A81-4CBB-851C-7E68B5214EDE,,11601.75
89070961-EF40-4152-AC98-D3C0E0C60AF2,吃饭,12.50,2026年01月09日 11:57:00,,支出,建行1977,51C1890B-1A81-4CBB-851C-7E68B5214EDE,,11601.75
3E133D23-8778-47AE-AA43-D8DE6D33A43D,住房,256.88,2026年01月09日 21:11:06,电费,支出,建行2109,38650502-45C7-44BF-BDCD-DFED6315D68F,,31171.53
F55D823A-58C9-4771-ACA6-A58B7D9E5F46,交通,4.00,2026年01月10日 17:20:06,停车费,支出,建行1977,51C1890B-1A81-4CBB-851C-7E68B5214EDE,,11601.75
616C8DFA-F28C-4187-958E-1A32C3091CDC,零食,29.90,2026年01月11日 17:10:58,,支出,建行1977,51C1890B-1A81-4CBB-851C-7E68B5214EDE,,11601.75
6C635328-00C4-4D06-A1CE-5BE7E7542720,吃饭,437.00,2026年01月11日 20:24:57,,支出,建行1977,51C1890B-1A81-4CBB-851C-7E68B5214EDE,,11601.75
08CBC522-89A8-4A54-ADB2-07CEFB234C45,吃饭,12.90,2026年01月12日 12:00:59,,支出,建行1977,51C1890B-1A81-4CBB-851C-7E68B5214EDE,,11601.75
8796C92C-F143-4D31-810D-D13BBDD82577,电器数码,36.40,2026年01月12日 21:38:11,手机壳,支出,建行1977,51C1890B-1A81-4CBB-851C-7E68B5214EDE,,11601.75
5F332132-48FD-47E3-9A8F-ECE1A56EA382,投资收益,137.00,2026年01月13日 09:39:11,通讯设备ETF,收入,广发证券,010E252F-98A3-4823-818C-5F59C8CD47CE,,64384.71
A21C739D-9845-4EB4-905D-F5AE8DCC777F,吃饭,16.00,2026年01月13日 12:59:19,,支出,建行1977,51C1890B-1A81-4CBB-851C-7E68B5214EDE,,11601.75
B84B45A3-4B79-4BD7-8E11-9FC264EA8D46,饮料,15.50,2026年01月13日 13:01:36,幸绘,支出,建行1977,51C1890B-1A81-4CBB-851C-7E68B5214EDE,,11601.75
73C259CA-3D22-4CED-B327-BF357FC98EBA,吃饭,24.80,2026年01月14日 08:32:53,早餐卡,支出,建行1977,51C1890B-1A81-4CBB-851C-7E68B5214EDE,,11601.75
39FE114E-F84D-4793-81AB-FB2D45F6B200,通讯,100.00,2026年01月14日 11:55:51,4308,支出,建行1977,51C1890B-1A81-4CBB-851C-7E68B5214EDE,,11601.75
B11FAA1C-CB43-46B9-AFF7-892AB327DED8,吃饭,16.00,2026年01月14日 12:28:09,,支出,建行1977,51C1890B-1A81-4CBB-851C-7E68B5214EDE,,11601.75
370CAB6B-BF85-417B-873B-8A979BFA0902,投资亏损,90.00,2026年01月14日 13:36:00,军工ETF广发,支出,广发证券,010E252F-98A3-4823-818C-5F59C8CD47CE,,64384.71
7B4E0CBA-6A40-4988-9813-AACAE95071A9,投资亏损,50.00,2026年01月15日 00:37:10,华宝纳斯达克精选股票（QDII）C,支出,支付宝,84959414-61BE-42AE-83C7-3416323FC753,,20110.69
8BC533E9-7ECA-4F4D-BB8E-05A2E15D5FA0,饮料,35.00,2026年01月15日 15:03:00,,支出,建行1977,51C1890B-1A81-4CBB-851C-7E68B5214EDE,,11601.75
CFFF6032-D5E0-4174-ABE6-1DBDD701AF31,交通,15.00,2026年01月15日 19:01:52,停车费,支出,建行1977,51C1890B-1A81-4CBB-851C-7E68B5214EDE,,11601.75
E7E70CEC-0F1F-498B-9709-A607E96AE80A,工资,3884.36,2026年01月16日 09:38:00,,收入,建行1977,51C1890B-1A81-4CBB-851C-7E68B5214EDE,,11601.75
5CD60F41-B3C7-4009-9E00-026F3AB49C0F,投资亏损,28.04,2026年01月16日 14:23:59,金石资源,支出,广发证券,010E252F-98A3-4823-818C-5F59C8CD47CE,,64384.71
D2C296CD-49F5-42D9-8A13-5CAA4D676567,投资亏损,112.08,2026年01月16日 14:24:28,中国石油,支出,广发证券,010E252F-98A3-4823-818C-5F59C8CD47CE,,64384.71
BC87AA77-3A32-443E-A7E6-503134B41777,饮料,8.60,2026年01月16日 15:20:22,,支出,建行1977,51C1890B-1A81-4CBB-851C-7E68B5214EDE,,11601.75
2E652824-F578-417A-A804-64F46382D230,吃饭,12.90,2026年01月20日 09:37:26,,支出,建行1977,51C1890B-1A81-4CBB-851C-7E68B5214EDE,,11601.75
12EF817D-4FEE-43E3-A5E7-7132B9F6AF84,公积金,3702.00,2026年01月20日 16:13:00,,收入,建行1977,51C1890B-1A81-4CBB-851C-7E68B5214EDE,,11601.75
DFD7F6EE-489A-4C63-9654-7A78EE4585C8,吃饭,20.00,2026年01月20日 17:42:12,,支出,建行1977,51C1890B-1A81-4CBB-851C-7E68B5214EDE,,11601.75
C7FBA42E-3F2C-4808-8A9A-D6B1EF0BA397,吃饭,54.00,2026年01月21日 12:14:33,,支出,建行1977,51C1890B-1A81-4CBB-851C-7E68B5214EDE,,11601.75
3D3DA3FC-39C3-4432-8D7D-D57D1041DFDA,饮料,32.50,2026年01月21日 12:16:08,,支出,建行1977,51C1890B-1A81-4CBB-851C-7E68B5214EDE,,11601.75
55AF33EB-359A-4790-98A7-820D65B12598,吃饭,18.00,2026年01月22日 12:28:36,,支出,建行1977,51C1890B-1A81-4CBB-851C-7E68B5214EDE,,11601.75
5DA606AD-94E4-4305-85C4-5EF9BAB8C402,饮料,15.70,2026年01月22日 12:32:00,,支出,建行1977,51C1890B-1A81-4CBB-851C-7E68B5214EDE,,11601.75
4E92C10E-4E4E-4042-AEC6-21C9F0B43886,吃饭,9.00,2026年01月23日 09:40:12,,支出,建行1977,51C1890B-1A81-4CBB-851C-7E68B5214EDE,,11601.75
DAF79BCF-0966-4031-863F-36AE3D7AD1A5,吃饭,13.40,2026年01月23日 12:38:00,,支出,建行1977,51C1890B-1A81-4CBB-851C-7E68B5214EDE,,11601.75
30E88607-710D-4B49-9B90-B819059BD014,汽车,4596.00,2026年01月25日 18:29:48,京东养车换4胎（2996），换下支臂和平衡杆球头加工时（1600）,支出,建行1977,51C1890B-1A81-4CBB-851C-7E68B5214EDE,,11601.75
56521DAA-31E4-4DE1-B39F-BD9CA49D1565,医疗,139.00,2026年01月25日 23:03:35,爸药,支出,建行1977,51C1890B-1A81-4CBB-851C-7E68B5214EDE,,11601.75
F144DC5E-D2D9-4B25-B1F5-C37E3B135FCF,投资收益,2039.91,2026年01月26日 09:39:20,长电科技,收入,广发证券,010E252F-98A3-4823-818C-5F59C8CD47CE,,64384.71
B0272DD2-2F61-46CC-9E94-83A992D2320B,投资收益,2674.46,2026年01月26日 10:11:19,通富微电,收入,广发证券,010E252F-98A3-4823-818C-5F59C8CD47CE,,64384.71
EA97C78D-E596-4438-8280-FD8BE3A370DB,吃饭,18.00,2026年01月26日 12:40:48,,支出,建行1977,51C1890B-1A81-4CBB-851C-7E68B5214EDE,,11601.75
65F42A43-BDBC-43AB-9B19-EDE0988B22F3,饮料,15.70,2026年01月26日 12:43:18,,支出,建行1977,51C1890B-1A81-4CBB-851C-7E68B5214EDE,,11601.75
A131D106-5BF1-4D38-9C6F-46E079A6A576,投资亏损,8.02,2026年01月27日 09:34:45,,支出,广发证券,010E252F-98A3-4823-818C-5F59C8CD47CE,,64384.71
EFADE996-403E-4042-A969-76354C2BB878,日用,570.35,2026年01月27日 12:19:00,剃须刀,支出,建行1977,51C1890B-1A81-4CBB-851C-7E68B5214EDE,,11601.75
225F9E80-79DD-4D0F-8360-9222A221E5EC,订阅,4.90,2026年01月28日 00:22:00,ai kimi,支出,建行1977,51C1890B-1A81-4CBB-851C-7E68B5214EDE,,11601.75
AC1DEADD-3F40-4C42-9849-2028003472A2,吃饭,10.50,2026年01月28日 08:21:00,,支出,建行1977,51C1890B-1A81-4CBB-851C-7E68B5214EDE,,11601.75
CE52C99A-4E53-4569-A8ED-164B9779132A,吃饭,10.50,2026年01月29日 08:21:00,,支出,建行1977,51C1890B-1A81-4CBB-851C-7E68B5214EDE,,11601.75
1AAE9BA8-3F3D-4530-932E-BDD856BDB44B,网吧,94.00,2026年01月29日 12:21:00,,支出,建行1977,51C1890B-1A81-4CBB-851C-7E68B5214EDE,,11601.75
DF047A93-6995-451D-ACF7-937AAE32FB17,吃饭,16.00,2026年01月29日 12:21:00,,支出,建行1977,51C1890B-1A81-4CBB-851C-7E68B5214EDE,,11601.75
CBC7C0D3-E15D-4D9D-96E6-2051DC02CC3C,日用,24.00,2026年01月29日 21:20:00,,支出,建行1977,51C1890B-1A81-4CBB-851C-7E68B5214EDE,,11601.75
E4638747-B5ED-48BF-BBAA-0E245FE77096,投资亏损,412.00,2026年01月30日 09:36:01,江西铜业,支出,广发证券,010E252F-98A3-4823-818C-5F59C8CD47CE,,64384.71
CFB0E4F8-E3CB-4ECC-A01B-F86C45E42B28,吃饭,17.00,2026年01月30日 12:19:10,,支出,建行1977,51C1890B-1A81-4CBB-851C-7E68B5214EDE,,11601.75
905391CB-1C68-4981-A484-B81C7C622DCC,订阅,48.90,2026年01月31日 17:35:52,aptv,支出,建行1977,51C1890B-1A81-4CBB-851C-7E68B5214EDE,,11601.75
C7BE6AAC-ABCE-4071-B4A6-612E1607921C,饮料,12.00,2026年01月31日 20:38:19,,支出,建行1977,51C1890B-1A81-4CBB-851C-7E68B5214EDE,,11601.75
1C702262-6521-4A42-BDD6-7FB85AEF796C,订阅,29.00,2026年02月02日 18:05:38,ai MiniMax ,支出,建行1977,51C1890B-1A81-4CBB-851C-7E68B5214EDE,,11601.75
A0673166-4396-4BBC-8B77-0C1C22222AB5,交通,15.00,2026年02月02日 18:46:33,停车费,支出,建行1977,51C1890B-1A81-4CBB-851C-7E68B5214EDE,,11601.75
346829AA-3AD8-46A3-AC1A-FDBDE6CFF931,订阅,10.00,2026年02月02日 23:07:47,ai DeepSeek,支出,建行1977,51C1890B-1A81-4CBB-851C-7E68B5214EDE,,11601.75
9BF50A47-9DE0-4C75-A5D4-42CE48745DF1,订阅,11.00,2026年02月03日 00:00:00,Apple Music,支出,建行1977,51C1890B-1A81-4CBB-851C-7E68B5214EDE,,11601.75
64BF4F2B-9B3B-4901-83DC-18B7EA791D9B,通讯,200.00,2026年02月03日 08:17:11,,支出,建行1977,51C1890B-1A81-4CBB-851C-7E68B5214EDE,,11601.75
6A246998-8A37-4C5D-BEA2-175DDFE84A1C,吃饭,10.50,2026年02月03日 08:38:48,,支出,建行1977,51C1890B-1A81-4CBB-851C-7E68B5214EDE,,11601.75
C7FC36ED-057B-4AA9-BB36-F20AB3476184,投资亏损,162.86,2026年02月03日 10:39:26,方正科技,支出,广发证券,010E252F-98A3-4823-818C-5F59C8CD47CE,,64384.71
EB88C8B4-82AF-4255-8EE3-076F547652B8,吃饭,17.00,2026年02月04日 12:13:59,,支出,建行1977,51C1890B-1A81-4CBB-851C-7E68B5214EDE,,11601.75
1DCF0532-B873-44C3-81B5-CEA78021F578,饮料,15.70,2026年02月04日 12:39:54,,支出,建行1977,51C1890B-1A81-4CBB-851C-7E68B5214EDE,,11601.75
FC03910B-F8B8-4C09-8C75-2385FF8619D2,投资亏损,714.00,2026年02月05日 09:32:29,富通微电,支出,广发证券,010E252F-98A3-4823-818C-5F59C8CD47CE,,64384.71
EF0F10E7-0377-4CA0-8117-EE6E3B237CD6,吃饭,19.00,2026年02月05日 12:33:00,,支出,建行1977,51C1890B-1A81-4CBB-851C-7E68B5214EDE,,11601.75
D75B6F6C-D781-4A1A-8F35-74F8C00678D8,饮料,15.70,2026年02月05日 13:15:51,,支出,建行1977,51C1890B-1A81-4CBB-851C-7E68B5214EDE,,11601.75
D3558E86-9C6D-481C-B050-2219943C6C85,吃饭,20.00,2026年02月06日 12:33:00,,支出,建行1977,51C1890B-1A81-4CBB-851C-7E68B5214EDE,,11601.75
3931434F-422E-4A20-B4DE-CBB8025E671F,饮料,15.50,2026年02月06日 13:33:00,,支出,建行1977,51C1890B-1A81-4CBB-851C-7E68B5214EDE,,11601.75
26A6F5CB-7834-482B-802A-E5D7EBAD1167,投资收益,180.00,2026年02月06日 14:32:00,华发股份,收入,广发证券,010E252F-98A3-4823-818C-5F59C8CD47CE,,64384.71
E800091A-B74D-4610-AD8B-008C4A0A9693,住房,5879.73,2026年02月07日 00:00:00,,支出,建行2109,38650502-45C7-44BF-BDCD-DFED6315D68F,,31171.53
D99F901D-CA8E-4593-A282-A4F90C485B9D,住房,309.30,2026年02月09日 11:09:41,物业,支出,建行2109,38650502-45C7-44BF-BDCD-DFED6315D68F,,31171.53
8F7C4EA7-EB10-4BEB-81A9-78241B8277EE,饮料,15.70,2026年02月09日 13:27:44,,支出,建行1977,51C1890B-1A81-4CBB-851C-7E68B5214EDE,,11601.75
32697CF7-0C15-4859-9A8E-5824AE506C67,日用,27.80,2026年02月09日 20:10:30,对联,支出,建行1977,51C1890B-1A81-4CBB-851C-7E68B5214EDE,,11601.75
3A7CBFD4-B840-411A-A2D8-25492096408C,住房,277.30,2026年02月09日 20:11:00,电费,支出,建行2109,38650502-45C7-44BF-BDCD-DFED6315D68F,,31171.53
AEE2D1E4-2EC2-429E-A620-4F355B2207DF,年终奖,49722.48,2026年02月09日 22:57:42,,收入,建行1977,51C1890B-1A81-4CBB-851C-7E68B5214EDE,,11601.75
71B40694-15DA-4E9A-AE6D-5D44B1EC5CCD,投资亏损,102.00,2026年02月11日 09:35:15,华发股份,支出,广发证券,010E252F-98A3-4823-818C-5F59C8CD47CE,,64384.71
38894CDA-5F65-4682-99A7-682DDE2363D7,吃饭,10.50,2026年02月11日 10:20:26,,支出,建行1977,51C1890B-1A81-4CBB-851C-7E68B5214EDE,,11601.75
5D3A493C-8F29-4319-BCB8-DEB8DA2E0B67,吃饭,52.00,2026年02月11日 14:13:28,,支出,建行1977,51C1890B-1A81-4CBB-851C-7E68B5214EDE,,11601.75
D5DD68EB-2D04-4F20-AF8A-54A53BB2E065,日用,70.00,2026年02月11日 20:56:33,挂钟,支出,建行1977,51C1890B-1A81-4CBB-851C-7E68B5214EDE,,11601.75
FFE193DB-7A9E-4C0C-96C9-95637DD1C552,日用,86.24,2026年02月12日 20:07:11,,支出,建行1977,51C1890B-1A81-4CBB-851C-7E68B5214EDE,,11601.75
DD96A323-8F8A-4A6C-84DE-112E476E8DFF,工资,3927.38,2026年02月13日 11:42:19,,收入,建行1977,51C1890B-1A81-4CBB-851C-7E68B5214EDE,,11601.75
FB91E4F0-74EF-4B86-8BEF-CC34DB0B284C,交通,5.00,2026年02月13日 12:02:55,停车费,支出,建行1977,51C1890B-1A81-4CBB-851C-7E68B5214EDE,,11601.75
0BC9570A-C52B-4851-9FB0-3D1D01940AD3,吃饭,12.00,2026年02月13日 12:38:18,,支出,建行1977,51C1890B-1A81-4CBB-851C-7E68B5214EDE,,11601.75
43E8EA39-A802-44A2-AB2F-F2D69CDA6E10,饮料,21.00,2026年02月13日 12:59:49,,支出,建行1977,51C1890B-1A81-4CBB-851C-7E68B5214EDE,,11601.75
BE3B2C06-5A1A-43D7-8F10-2BA785914B15,玩具,79.00,2026年02月15日 15:09:45,烟花,支出,建行1977,51C1890B-1A81-4CBB-851C-7E68B5214EDE,,11601.75
00810CFD-AE68-47CE-940D-937FB8298B15,日用,370.50,2026年02月16日 16:44:20,年货,支出,建行1977,51C1890B-1A81-4CBB-851C-7E68B5214EDE,,11601.75
6AC7990B-7795-4A8A-BBB3-03F16736846A,红包支出,88.80,2026年02月17日 00:29:30,群红包,支出,建行1977,51C1890B-1A81-4CBB-851C-7E68B5214EDE,,11601.75
2019F9A7-D272-4E15-B3FC-93B986821BE9,红包支出,88.80,2026年02月17日 00:30:04,群红包,支出,建行1977,51C1890B-1A81-4CBB-851C-7E68B5214EDE,,11601.75
4815AB76-0334-4670-8C53-5211EA772F75,红包支出,6666.66,2026年02月17日 00:30:13,爸妈红包,支出,建行1977,51C1890B-1A81-4CBB-851C-7E68B5214EDE,,11601.75
E43B87B6-F868-4E8A-B911-32EB7D96DB3A,红包支出,6666.66,2026年02月17日 00:30:24,爸妈红包,支出,建行1977,51C1890B-1A81-4CBB-851C-7E68B5214EDE,,11601.75
C038656D-E625-43A5-83ED-7FE3542F382B,红包支出,400.00,2026年02月17日 00:32:31,群红包,支出,建行1977,51C1890B-1A81-4CBB-851C-7E68B5214EDE,,11601.75
150F2364-9ACC-4EFE-A225-E50EFFF18B2B,汽车,600.00,2026年02月18日 10:40:42,车钥匙2把,支出,建行1977,51C1890B-1A81-4CBB-851C-7E68B5214EDE,,11601.75
89CC1FCA-B52F-4B70-8EC3-4756546AB138,交通,20.00,2026年02月19日 19:21:54,停车费,支出,建行1977,51C1890B-1A81-4CBB-851C-7E68B5214EDE,,11601.75
6289E48A-8D96-4D05-A88F-BA2B8D39C5A4,交通,13.00,2026年02月20日 15:36:28,,支出,建行1977,51C1890B-1A81-4CBB-851C-7E68B5214EDE,,11601.75
F368914E-7F63-4C7C-BB35-03B0CFBC12F7,零食,14.15,2026年02月20日 21:50:53,,支出,建行1977,51C1890B-1A81-4CBB-851C-7E68B5214EDE,,11601.75
03572E20-8C60-438E-B98B-50543B7B0056,吃饭,570.00,2026年02月21日 12:34:00,,支出,建行1977,51C1890B-1A81-4CBB-851C-7E68B5214EDE,,11601.75
A02E240C-9C79-49C0-9A98-135D763EC138,交通,227.00,2026年02月21日 20:38:51,加油,支出,建行1977,51C1890B-1A81-4CBB-851C-7E68B5214EDE,,11601.75
0B78D2A8-3538-48EC-BE34-5D21927F4322,电器数码,26.63,2026年02月23日 22:15:18,,支出,建行1977,51C1890B-1A81-4CBB-851C-7E68B5214EDE,,11601.75
63B8DE77-44F8-4B27-ADEE-934784D4DF94,公积金,3702.00,2026年02月24日 00:00:00,,收入,建行1977,51C1890B-1A81-4CBB-851C-7E68B5214EDE,,11601.75
76328100-F6A2-49DB-B332-EE70258FB789,吃饭,9.90,2026年02月24日 08:43:29,,支出,建行1977,51C1890B-1A81-4CBB-851C-7E68B5214EDE,,11601.75
F8337910-3AFB-4E8F-8514-75D2C9181DD8,红包支出,20.00,2026年02月24日 11:19:44,,支出,建行1977,51C1890B-1A81-4CBB-851C-7E68B5214EDE,,11601.75
DF7E76C8-724B-4664-931B-BE73E416C09D,奖金,800.00,2026年02月24日 11:39:17,开工,收入,建行1977,51C1890B-1A81-4CBB-851C-7E68B5214EDE,,11601.75
51E5E359-D793-4865-B981-CBAE0AF2BE61,吃饭,11.00,2026年02月24日 11:42:44,,支出,建行1977,51C1890B-1A81-4CBB-851C-7E68B5214EDE,,11601.75
616251A7-0120-49E4-A5D3-CB3A644D1D57,饮料,17.80,2026年02月24日 11:58:09,,支出,建行1977,51C1890B-1A81-4CBB-851C-7E68B5214EDE,,11601.75
E8C568ED-07EC-49D9-989F-96E372F586B2,玩具,19.30,2026年02月25日 11:33:38,,支出,建行1977,51C1890B-1A81-4CBB-851C-7E68B5214EDE,,11601.75
83ED8600-A348-4FC8-9A5D-997AD1E46F9F,吃饭,18.00,2026年02月25日 12:17:19,,支出,建行1977,51C1890B-1A81-4CBB-851C-7E68B5214EDE,,11601.75
BE1E4A77-09D8-4ECA-B0B1-3D4E846750B5,投资亏损,175.00,2026年02月26日 09:49:20,湖南裕能,支出,广发证券,010E252F-98A3-4823-818C-5F59C8CD47CE,,64384.71
BB29989A-E760-4382-8BDC-C4519E2132A4,交通,54.00,2026年02月26日 10:17:12,高速费,支出,建行1977,51C1890B-1A81-4CBB-851C-7E68B5214EDE,,11601.75
1D251C51-E705-4B42-8432-FB1294A52482,交通,53.00,2026年02月26日 16:26:55,高速费,支出,建行1977,51C1890B-1A81-4CBB-851C-7E68B5214EDE,,11601.75
3DC3E17A-20B1-4313-9481-3A6D702A5429,医疗,6.00,2026年02月26日 20:03:41,,支出,建行1977,51C1890B-1A81-4CBB-851C-7E68B5214EDE,,11601.75
9997D999-9520-4CE0-BCC8-9CDEFE4750D2,吃饭,9.90,2026年02月27日 08:48:27,,支出,建行1977,51C1890B-1A81-4CBB-851C-7E68B5214EDE,,11601.75
5EC96A75-F923-4326-944D-FB2559E94678,吃饭,17.00,2026年02月27日 12:20:00,,支出,建行1977,51C1890B-1A81-4CBB-851C-7E68B5214EDE,,11601.75
3B425FE7-E37A-4613-9C8D-F9CEFED6ABC2,饮料,17.50,2026年02月27日 12:44:47,,支出,建行1977,51C1890B-1A81-4CBB-851C-7E68B5214EDE,,11601.75
7EED12D6-1862-466D-8B99-35E0A9374463,网吧,92.00,2026年02月27日 12:53:00,,支出,建行1977,51C1890B-1A81-4CBB-851C-7E68B5214EDE,,11601.75
FCE7E933-A744-42E4-83B0-76F0E40F2CE9,吃饭,154.00,2026年02月28日 13:26:50,,支出,建行1977,51C1890B-1A81-4CBB-851C-7E68B5214EDE,,11601.75
613885AA-6CE4-4BBE-ACDC-518652DF913C,吃饭,878.00,2026年03月01日 19:21:00,,支出,建行1977,51C1890B-1A81-4CBB-851C-7E68B5214EDE,,11601.75
9C9C96F3-2330-4D1E-A76B-5CA1BBF04CBE,吃饭,29.00,2026年03月02日 12:21:00,,支出,建行1977,51C1890B-1A81-4CBB-851C-7E68B5214EDE,,11601.75
E6068066-A725-4F63-AA68-BF50BBF764C3,饮料,12.00,2026年03月02日 14:21:16,,支出,建行1977,51C1890B-1A81-4CBB-851C-7E68B5214EDE,,11601.75
24EBB96B-F448-4685-AD4E-6A7C236DAE5B,订阅,11.00,2026年03月03日 00:00:00,Apple Music,支出,建行1977,51C1890B-1A81-4CBB-851C-7E68B5214EDE,,11601.75
52D406FA-8D6D-42B8-BE7E-01BD3598C83C,通讯,100.00,2026年03月03日 07:50:11,,支出,建行1977,51C1890B-1A81-4CBB-851C-7E68B5214EDE,,11601.75
6F26D109-51EE-4A48-8443-91960B12DF47,住房,779.70,2026年03月03日 15:14:18,燃气,支出,建行1977,51C1890B-1A81-4CBB-851C-7E68B5214EDE,,11601.75
D6840AA2-58A7-4898-AA4F-04A8379CCA35,交通,15.00,2026年03月03日 17:39:00,停车费,支出,建行1977,51C1890B-1A81-4CBB-851C-7E68B5214EDE,,11601.75
DF5372C2-63E2-448A-9749-BDA7FCE22B18,订阅,20.00,2026年03月04日 10:52:13,ai DeepSeek,支出,建行1977,51C1890B-1A81-4CBB-851C-7E68B5214EDE,,11601.75
D6957822-1BBA-4715-9D73-5EA7BE78F88B,交通,247.91,2026年03月04日 13:10:28,加油,支出,建行1977,51C1890B-1A81-4CBB-851C-7E68B5214EDE,,11601.75
076E091A-A491-4A2C-951D-594C78E4E967,投资亏损,250.00,2026年03月04日 14:04:00,通富微电,支出,广发证券,010E252F-98A3-4823-818C-5F59C8CD47CE,,64384.71
F80125CC-7D7D-4BCB-BD52-E965B763AEE4,住房,323.27,2026年03月04日 21:10:29,水费,支出,建行2109,38650502-45C7-44BF-BDCD-DFED6315D68F,,31171.53
9F4DB45F-C3D5-4D94-AF32-C5EF277D5FAF,吃饭,12.90,2026年03月06日 08:54:50,,支出,建行1977,51C1890B-1A81-4CBB-851C-7E68B5214EDE,,11601.75
995E90EE-8742-465B-BFE3-E93655CD5BD5,饮料,6.00,2026年03月06日 09:11:46,,支出,建行1977,51C1890B-1A81-4CBB-851C-7E68B5214EDE,,11601.75
09967D55-7ACF-460B-B3FA-D4C2BEAF3D8D,投资亏损,284.33,2026年03月06日 09:36:54,湖南裕能,支出,广发证券,010E252F-98A3-4823-818C-5F59C8CD47CE,,64384.71
AAEEA41B-E7C0-4316-B12A-DBA04D205C12,饮料,20.00,2026年03月06日 17:21:37,,支出,建行1977,51C1890B-1A81-4CBB-851C-7E68B5214EDE,,11601.75
7BBA6908-F107-4F59-BB65-6AD7159F0085,住房,5879.73,2026年03月07日 00:00:00,,支出,建行2109,38650502-45C7-44BF-BDCD-DFED6315D68F,,31171.53
2CFAF8BC-A96D-4934-B12B-BE8466392293,吃饭,42.00,2026年03月07日 11:36:37,,支出,建行1977,51C1890B-1A81-4CBB-851C-7E68B5214EDE,,11601.75
0FB20F1F-D0D0-4A9C-B3EB-CEF9C06539EA,交通,90.00,2026年03月07日 11:36:46,高速费,支出,建行1977,51C1890B-1A81-4CBB-851C-7E68B5214EDE,,11601.75
F21F0748-C9A0-4ACB-A583-0811B8625B59,吃饭,25.00,2026年03月07日 12:06:29,,支出,建行1977,51C1890B-1A81-4CBB-851C-7E68B5214EDE,,11601.75
16146FEC-7799-4CF4-B262-D677C749607E,饮料,19.40,2026年03月07日 12:06:40,,支出,建行1977,51C1890B-1A81-4CBB-851C-7E68B5214EDE,,11601.75
AB84BD8B-28C8-4033-9D13-E8705B8066C8,交通,92.00,2026年03月07日 14:21:06,高速费,支出,建行1977,51C1890B-1A81-4CBB-851C-7E68B5214EDE,,11601.75
E04C31B8-6C03-4F7F-A16A-81EAC5BAAE9F,交通,21.00,2026年03月07日 14:21:16,停车费,支出,建行1977,51C1890B-1A81-4CBB-851C-7E68B5214EDE,,11601.75
2A1872BB-6FF2-415F-811C-7606EFD974E4,医疗,28.50,2026年03月07日 20:18:37,,支出,建行1977,51C1890B-1A81-4CBB-851C-7E68B5214EDE,,11601.75
F415F7D9-9488-4219-9172-D340A9E4EB54,吃饭,19.00,2026年03月08日 07:17:27,,支出,建行1977,51C1890B-1A81-4CBB-851C-7E68B5214EDE,,11601.75
DD6C3876-03FF-44F1-B5B6-DE0FC05A3F3A,交通,25.00,2026年03月08日 10:03:58,停车费,支出,建行1977,51C1890B-1A81-4CBB-851C-7E68B5214EDE,,11601.75
5210AE02-74C5-4594-B768-ED7100EBBC15,交通,242.03,2026年03月08日 18:42:54,加油,支出,建行1977,51C1890B-1A81-4CBB-851C-7E68B5214EDE,,11601.75
070A2BB3-0F9E-48E5-AC89-7B89C2219FE7,交通,52.00,2026年03月08日 18:43:26,高速费,支出,建行1977,51C1890B-1A81-4CBB-851C-7E68B5214EDE,,11601.75
C38FAB23-5DFD-447C-8A1C-0F9E01327265,吃饭,29.90,2026年03月08日 18:44:03,,支出,建行1977,51C1890B-1A81-4CBB-851C-7E68B5214EDE,,11601.75
182A51FF-8822-4090-B9A7-B7FE0CE6E074,交通,50.00,2026年03月08日 20:19:13,高速费,支出,建行1977,51C1890B-1A81-4CBB-851C-7E68B5214EDE,,11601.75
06FC9A93-7B68-46F1-B295-4C95ED696F68,吃饭,14.00,2026年03月09日 07:24:16,,支出,建行1977,51C1890B-1A81-4CBB-851C-7E68B5214EDE,,11601.75
B17B564F-E757-4BFB-96FD-F7EF82D48D63,住房,309.30,2026年03月09日 09:32:00,物业,支出,建行1977,51C1890B-1A81-4CBB-851C-7E68B5214EDE,,11601.75
7BC4AE6B-7CFD-45D1-BC95-F308C7B2F5A6,交通,25.00,2026年03月09日 19:33:00,停车费,支出,建行1977,51C1890B-1A81-4CBB-851C-7E68B5214EDE,,11601.75
2024711F-6F6B-4637-AB65-A541A1517223,住房,262.36,2026年03月09日 20:34:00,电费,支出,建行1977,51C1890B-1A81-4CBB-851C-7E68B5214EDE,,11601.75
7804C0BF-906B-4099-9FD2-DC593860E2E8,交通,5.00,2026年03月10日 21:34:00,停车费,支出,建行1977,51C1890B-1A81-4CBB-851C-7E68B5214EDE,,11601.75
4A819E43-6469-4E68-957A-95F25599CB2A,交通,15.00,2026年03月11日 09:35:00,停车费,支出,建行1977,51C1890B-1A81-4CBB-851C-7E68B5214EDE,,11601.75
941D03CC-B4CB-4976-9A64-D5529E58551D,吃饭,34.00,2026年03月11日 12:35:00,,支出,建行1977,51C1890B-1A81-4CBB-851C-7E68B5214EDE,,11601.75
54E89731-DD63-4563-AD8E-6C8EA2C49183,饮料,18.20,2026年03月12日 21:30:00,,支出,建行1977,51C1890B-1A81-4CBB-851C-7E68B5214EDE,,11601.75
B51E2FCF-11F6-4FE4-BB83-C4125B4C2929,医疗,48.00,2026年03月13日 09:29:00,陪床,支出,建行1977,51C1890B-1A81-4CBB-851C-7E68B5214EDE,,11601.75
56B7755C-6543-4AA3-B43B-7EBDDCC699D2,医疗,285.84,2026年03月13日 15:29:00,出院,支出,建行1977,51C1890B-1A81-4CBB-851C-7E68B5214EDE,,11601.75
EDE07240-B1BD-401B-9A2B-7CBE4150D69F,日用,879.12,2026年03月14日 09:28:14,ro滤芯,支出,建行1977,51C1890B-1A81-4CBB-851C-7E68B5214EDE,,11601.75
B98F441A-829C-4594-B14E-4C04AF435404,日用,77.91,2026年03月14日 09:28:56,扫地机器人配件,支出,建行1977,51C1890B-1A81-4CBB-851C-7E68B5214EDE,,11601.75
D1FDEF90-CE13-49A9-9AA1-6EC390492A7A,玩具,56.80,2026年03月14日 17:44:49,,支出,建行1977,51C1890B-1A81-4CBB-851C-7E68B5214EDE,,11601.75
9CCFF89F-4920-4A39-BADE-A5CE8826DFA3,吃饭,22.40,2026年03月16日 08:38:37,,支出,建行1977,51C1890B-1A81-4CBB-851C-7E68B5214EDE,,11601.75
182DCD55-95A9-40A5-B41C-FD30957F952E,投资亏损,152.39,2026年03月16日 09:37:31,沪电股份,支出,广发证券,010E252F-98A3-4823-818C-5F59C8CD47CE,,64384.71
4BADAE72-73D1-440C-A839-5C8EDAE246F6,吃饭,17.00,2026年03月16日 12:30:54,,支出,建行1977,51C1890B-1A81-4CBB-851C-7E68B5214EDE,,11601.75
6E61673C-0B0D-449F-815B-F54B2F7A9D79,饮料,18.50,2026年03月16日 12:50:08,,支出,建行1977,51C1890B-1A81-4CBB-851C-7E68B5214EDE,,11601.75
CE5CF534-383A-4D2A-BD64-61B5202BF9C1,电器数码,69.90,2026年03月16日 21:12:34,手机膜,支出,建行1977,51C1890B-1A81-4CBB-851C-7E68B5214EDE,,11601.75
9BE85CBE-A3CF-49B4-AEB0-9A5BDB51B07C,吃饭,10.50,2026年03月17日 08:25:23,,支出,建行1977,51C1890B-1A81-4CBB-851C-7E68B5214EDE,,11601.75
AC67E8DD-2105-4812-80DB-B79D3D571EBB,投资收益,1876.43,2026年03月17日 09:37:18,湖南裕能,收入,广发证券,010E252F-98A3-4823-818C-5F59C8CD47CE,,64384.71
81E9EA22-13CC-4FE6-9F24-4E02CE78F40A,吃饭,17.00,2026年03月17日 11:54:57,,支出,建行1977,51C1890B-1A81-4CBB-851C-7E68B5214EDE,,11601.75
4F730471-7D31-4F03-B6A5-D5F7799B7804,饮料,18.50,2026年03月17日 12:19:13,,支出,建行1977,51C1890B-1A81-4CBB-851C-7E68B5214EDE,,11601.75
11733784-308E-4E47-BC69-02D58A7C85D2,交通,15.00,2026年03月17日 18:38:25,停车费,支出,建行1977,51C1890B-1A81-4CBB-851C-7E68B5214EDE,,11601.75
70F0D18D-8B06-419A-B6BC-F331B950A5E9,吃饭,10.50,2026年03月18日 08:37:37,,支出,建行1977,51C1890B-1A81-4CBB-851C-7E68B5214EDE,,11601.75
9D0774BA-924C-4594-8379-36F58475E61E,吃饭,15.00,2026年03月18日 11:56:25,,支出,建行1977,51C1890B-1A81-4CBB-851C-7E68B5214EDE,,11601.75
A3872747-86E3-4B9F-86EF-25525D40E6D3,饮料,18.50,2026年03月18日 11:56:35,,支出,建行1977,51C1890B-1A81-4CBB-851C-7E68B5214EDE,,11601.75
DE2AF6ED-8649-4046-A130-2ECD9C3EA194,交通,15.00,2026年03月18日 18:28:10,停车费,支出,建行1977,51C1890B-1A81-4CBB-851C-7E68B5214EDE,,11601.75
7709EB92-8B8A-40CD-A190-F3DA90E3ED44,投资亏损,107.30,2026年03月19日 10:24:51,深科技,支出,广发证券,010E252F-98A3-4823-818C-5F59C8CD47CE,,64384.71
6B9AA086-993B-4508-833F-77E781D3E6D3,工资,5324.78,2026年03月19日 11:41:32,,收入,建行1977,51C1890B-1A81-4CBB-851C-7E68B5214EDE,,11601.75
66763B4A-B0DC-4434-BCBB-5938ECAF0850,投资收益,85.96,2026年03月19日 13:00:42,雅克科技,收入,广发证券,010E252F-98A3-4823-818C-5F59C8CD47CE,,64384.71
CA547027-2EFE-48AD-9FCF-F3B665D21BA6,饮料,88.00,2026年03月19日 13:33:11,,支出,建行1977,51C1890B-1A81-4CBB-851C-7E68B5214EDE,,11601.75
7AC1F224-818D-48FA-8EFE-A3E11D902160,日用,260.00,2026年03月19日 14:45:37,修洗衣机锁,支出,建行1977,51C1890B-1A81-4CBB-851C-7E68B5214EDE,,11601.75
70C78701-B728-43A1-A99B-2446DA3FC17E,零食,11.70,2026年03月19日 21:32:02,,支出,建行1977,51C1890B-1A81-4CBB-851C-7E68B5214EDE,,11601.75
FA947C1F-1E9C-46F1-B751-4A7B8D013836,吃饭,10.50,2026年03月20日 08:36:13,,支出,建行1977,51C1890B-1A81-4CBB-851C-7E68B5214EDE,,11601.75
AD7E755F-6EC1-400E-BC0E-540B98A30932,通讯,50.00,2026年03月20日 08:44:59,,支出,建行1977,51C1890B-1A81-4CBB-851C-7E68B5214EDE,,11601.75
08788F50-901C-43E6-AA26-989DE60CEE4B,吃饭,12.00,2026年03月20日 12:19:00,,支出,建行1977,51C1890B-1A81-4CBB-851C-7E68B5214EDE,,11601.75
920E1CA2-4DE8-46E6-8998-1A37280D1AB5,饮料,17.50,2026年03月20日 12:20:00,,支出,建行1977,51C1890B-1A81-4CBB-851C-7E68B5214EDE,,11601.75
E81D75F1-B53A-48F8-9F75-9ED6758B7166,交通,15.00,2026年03月20日 17:20:00,停车费,支出,建行1977,51C1890B-1A81-4CBB-851C-7E68B5214EDE,,11601.75
29C9DEBE-F9C7-469A-9C64-44258A6CCEBA,饮料,9.90,2026年03月20日 18:21:00,,支出,建行1977,51C1890B-1A81-4CBB-851C-7E68B5214EDE,,11601.75
F0317663-6C3F-41E6-BC21-1095B2FA138E,交通,8.00,2026年03月21日 11:21:00,停车费,支出,建行1977,51C1890B-1A81-4CBB-851C-7E68B5214EDE,,11601.75
2367672B-A284-4BA8-B0F7-8A5C09B76519,交通,210.00,2026年03月21日 12:21:00,加油,支出,建行1977,51C1890B-1A81-4CBB-851C-7E68B5214EDE,,11601.75
6A50FC70-B79F-493B-9E39-E56662F397E4,吃饭,53.40,2026年03月22日 21:22:00,,支出,建行1977,51C1890B-1A81-4CBB-851C-7E68B5214EDE,,11601.75
BDA4DDB3-A23E-4F1D-B82E-F2CE17C291A2,吃饭,43.50,2026年03月23日 17:23:00,,支出,建行1977,51C1890B-1A81-4CBB-851C-7E68B5214EDE,,11601.75
A111A9B1-1B74-4BDA-B0E7-EF6520BA7D56,投资亏损,57.93,2026年03月23日 17:32:00,隆基绿能,支出,广发证券,010E252F-98A3-4823-818C-5F59C8CD47CE,,64384.71
CE5496B7-C935-4DA2-8B1B-D9BA44DF70F7,投资收益,380.44,2026年03月23日 17:33:00,湖南裕能,收入,广发证券,010E252F-98A3-4823-818C-5F59C8CD47CE,,64384.71
1D0ADE7B-4163-4C3C-8328-88A168B47E55,公积金,3702.00,2026年03月24日 00:00:00,,收入,建行1977,51C1890B-1A81-4CBB-851C-7E68B5214EDE,,11601.75
9D1F76AE-3955-43A2-8B94-26AEB81E97DF,吃饭,45.00,2026年03月24日 17:24:00,,支出,建行1977,51C1890B-1A81-4CBB-851C-7E68B5214EDE,,11601.75
0CFD964E-5C4E-4641-B623-0772752AFFAD,奖金,2724.00,2026年03月24日 17:24:00,1月2月绩效,收入,建行1977,51C1890B-1A81-4CBB-851C-7E68B5214EDE,,11601.75
B5144848-E7E7-499D-AC17-5E4EE439666B,投资亏损,744.82,2026年03月24日 17:31:00,通富微电,支出,广发证券,010E252F-98A3-4823-818C-5F59C8CD47CE,,64384.71
F8DAE306-68C9-4653-BDED-C7622802A017,饮料,26.40,2026年03月25日 17:25:00,,支出,建行1977,51C1890B-1A81-4CBB-851C-7E68B5214EDE,,11601.75
51AF3A0A-7320-4207-BB21-596BCC6BDB04,吃饭,31.80,2026年03月25日 17:26:00,,支出,建行1977,51C1890B-1A81-4CBB-851C-7E68B5214EDE,,11601.75
E09E3EFB-B36D-4153-A4E6-087424918284,投资亏损,177.56,2026年03月25日 17:31:00,中国海油,支出,广发证券,010E252F-98A3-4823-818C-5F59C8CD47CE,,64384.71
7C57D18C-03D7-4D12-AAE5-8F456C83F173,投资亏损,42.00,2026年03月25日 17:31:00,富临精工,支出,广发证券,010E252F-98A3-4823-818C-5F59C8CD47CE,,64384.71
100B67CE-BA15-4C1B-AF75-1057E8566F72,交通,115.00,2026年03月26日 17:27:00,高速费,支出,建行1977,51C1890B-1A81-4CBB-851C-7E68B5214EDE,,11601.75
C26F219D-6290-4FB2-8B8D-708B540EB8C5,投资亏损,93.23,2026年03月26日 17:29:00,通富微电,支出,广发证券,010E252F-98A3-4823-818C-5F59C8CD47CE,,64384.71
7BA5FC8E-F22C-496E-9DF3-C7CE88544D34,投资亏损,194.00,2026年03月26日 17:30:00,雅克科技,支出,广发证券,010E252F-98A3-4823-818C-5F59C8CD47CE,,64384.71
EDB44C20-1A07-4C61-840B-34356A017C96,吃饭,17.00,2026年03月27日 13:28:00,,支出,建行1977,51C1890B-1A81-4CBB-851C-7E68B5214EDE,,11601.75
EBCA30AE-6BBA-48E7-B9A3-B5177D647ACA,订阅,20.00,2026年03月27日 17:15:33,ai codex plus,支出,建行1977,51C1890B-1A81-4CBB-851C-7E68B5214EDE,,11601.75
B77B63CA-A867-40C9-BBB3-B7E7AA8E745A,零食,46.00,2026年03月28日 22:01:00,,支出,建行1977,51C1890B-1A81-4CBB-851C-7E68B5214EDE,,11601.75
B8D7D94A-B826-43F7-AAD7-2C7D99A2F82F,吃饭,14.00,2026年03月30日 12:20:15,,支出,建行1977,51C1890B-1A81-4CBB-851C-7E68B5214EDE,,11601.75
B166D1C9-31AD-4A31-9CC6-5553F642293C,饮料,17.50,2026年03月30日 12:23:25,,支出,建行1977,51C1890B-1A81-4CBB-851C-7E68B5214EDE,,11601.75
1BC43E40-FCE5-4BCB-BB34-8498FC8FFDA9,网吧,93.00,2026年03月30日 12:34:25,,支出,建行1977,51C1890B-1A81-4CBB-851C-7E68B5214EDE,,11601.75
FA48AB55-9DCB-4A37-8F50-12CCF5BA93C8,投资亏损,119.12,2026年03月31日 11:21:35,中国海油,支出,广发证券,010E252F-98A3-4823-818C-5F59C8CD47CE,,64384.71
C1FDCE16-DF11-4CCE-A300-B923AE0AEBE2,吃饭,18.00,2026年03月31日 13:05:49,,支出,建行1977,51C1890B-1A81-4CBB-851C-7E68B5214EDE,,11601.75
CC60C9A0-6C93-4B6F-8114-695A5FE44C1E,投资亏损,229.79,2026年04月01日 13:13:14,雅克科技,支出,广发证券,010E252F-98A3-4823-818C-5F59C8CD47CE,,64384.71
E40DA079-C35A-4AB1-BEED-0C78D3FC7272,交通,15.00,2026年04月01日 17:45:34,停车费,支出,建行1977,51C1890B-1A81-4CBB-851C-7E68B5214EDE,,11601.75
98D5CCCE-FD11-4FC1-9868-01633C8A3A1C,订阅,11.00,2026年04月03日 00:00:00,Apple Music,支出,建行1977,51C1890B-1A81-4CBB-851C-7E68B5214EDE,,11601.75
061ABED2-4320-46AF-AAA6-DD3CC2617B6E,吃饭,14.00,2026年04月03日 12:20:31,,支出,建行1977,51C1890B-1A81-4CBB-851C-7E68B5214EDE,,11601.75
13D6DD37-8FC6-4B07-832A-2ACC6C89E907,饮料,17.50,2026年04月03日 12:20:37,,支出,建行1977,51C1890B-1A81-4CBB-851C-7E68B5214EDE,,11601.75
C8BD06ED-9211-45AA-A700-25C0B63A9070,通讯,200.00,2026年04月03日 12:21:03,,支出,建行1977,51C1890B-1A81-4CBB-851C-7E68B5214EDE,,11601.75
725AA5ED-9F74-47B7-8C67-542437007AA1,医疗,20.88,2026年04月04日 11:05:14,,支出,建行1977,51C1890B-1A81-4CBB-851C-7E68B5214EDE,,11601.75
7D0E9768-1ED0-453B-ACF7-F56C7E0594FB,订阅,7.00,2026年04月04日 17:55:54,ai 兔子,支出,建行1977,51C1890B-1A81-4CBB-851C-7E68B5214EDE,,11601.75
8F8B07E5-73C2-409A-B6F3-2B3C55693E1C,订阅,22.91,2026年04月04日 17:56:14,ai MiniMax,支出,建行1977,51C1890B-1A81-4CBB-851C-7E68B5214EDE,,11601.75
8993CC75-B938-4773-9449-96B8A9F69E5F,饮料,10.00,2026年04月05日 21:27:40,,支出,建行1977,51C1890B-1A81-4CBB-851C-7E68B5214EDE,,11601.75
524E849C-23BE-4D5D-9B74-6281DE5B6CDC,吃饭,267.00,2026年04月06日 09:05:00,,支出,建行1977,51C1890B-1A81-4CBB-851C-7E68B5214EDE,,11601.75
33B0A1A4-98B8-4DD1-884C-8E8A2C34CC9A,通讯,100.00,2026年04月06日 11:06:00,澳门电信蓝卡,支出,建行1977,51C1890B-1A81-4CBB-851C-7E68B5214EDE,,11601.75
AB388159-1E15-4940-8B20-E4E80393815D,住房,5879.73,2026年04月07日 00:00:00,,支出,建行2109,38650502-45C7-44BF-BDCD-DFED6315D68F,,31171.53
86698101-8D76-4846-A4C8-4161394609C2,吃饭,10.50,2026年04月07日 11:05:36,,支出,建行1977,51C1890B-1A81-4CBB-851C-7E68B5214EDE,,11601.75
35AABF5A-DBBD-48C7-94A5-3F5AB30DE333,订阅,19.80,2026年04月07日 11:07:29,ai codex plus,支出,建行1977,51C1890B-1A81-4CBB-851C-7E68B5214EDE,,11601.75
2F2C7258-91EA-4714-846E-C60521A85A96,吃饭,18.00,2026年04月07日 12:38:12,,支出,建行1977,51C1890B-1A81-4CBB-851C-7E68B5214EDE,,11601.75
70AD07AE-C5E8-4166-B988-E0991587B3E9,饮料,17.50,2026年04月07日 13:07:33,,支出,建行1977,51C1890B-1A81-4CBB-851C-7E68B5214EDE,,11601.75
C999598F-3CAE-4548-883B-943C4A569A2B,吃饭,16.00,2026年04月08日 12:45:00,,支出,建行1977,51C1890B-1A81-4CBB-851C-7E68B5214EDE,,11601.75
01D806CD-E6EE-4DC3-9AD0-6A1617F82115,饮料,15.50,2026年04月08日 12:51:06,,支出,建行1977,51C1890B-1A81-4CBB-851C-7E68B5214EDE,,11601.75
DD661915-4C7E-4796-9D5D-132B2CE20A3E,投资亏损,1200.00,2026年04月08日 18:12:00,顺丰,支出,广发证券,010E252F-98A3-4823-818C-5F59C8CD47CE,,64384.71
376B2F75-CE2E-4C2F-BD7B-79DCCA822F64,吃饭,19.00,2026年04月08日 19:58:57,,支出,建行1977,51C1890B-1A81-4CBB-851C-7E68B5214EDE,,11601.75
E52D7C3C-D179-4F0F-8561-F5A31DD945AE,吃饭,19.00,2026年04月09日 13:09:24,,支出,建行1977,51C1890B-1A81-4CBB-851C-7E68B5214EDE,,11601.75
C79936C6-53A8-415D-9471-D63B4B760E12,饮料,17.50,2026年04月09日 13:09:34,,支出,建行1977,51C1890B-1A81-4CBB-851C-7E68B5214EDE,,11601.75
15FF76DE-E443-4BA6-BC74-D829F4764D1E,交通,15.00,2026年04月09日 18:34:19,停车费,支出,建行1977,51C1890B-1A81-4CBB-851C-7E68B5214EDE,,11601.75
97BF189D-9973-4F6A-BEA0-2C3C7BD0BFF8,住房,361.62,2026年04月09日 20:11:29,电费,支出,建行1977,51C1890B-1A81-4CBB-851C-7E68B5214EDE,,11601.75
50AB0D6B-5ECD-42C9-BE83-CF8C41E9A77E,吃饭,21.00,2026年04月10日 12:30:32,,支出,建行1977,51C1890B-1A81-4CBB-851C-7E68B5214EDE,,11601.75
B01A67B6-C09D-4484-B8E7-49BA5E71909A,饮料,17.50,2026年04月10日 12:56:12,,支出,建行1977,51C1890B-1A81-4CBB-851C-7E68B5214EDE,,11601.75
724E0E7C-6D09-416B-85DB-EC73DD8939DF,玩具,169.00,2026年04月11日 18:46:39,篮球,支出,建行1977,51C1890B-1A81-4CBB-851C-7E68B5214EDE,,11601.75
870B89CE-805A-428A-87B9-B70DE06BB383,交通,3.00,2026年04月12日 12:20:16,停车费,支出,建行1977,51C1890B-1A81-4CBB-851C-7E68B5214EDE,,11601.75
025514A4-D04C-45FA-8068-AF64187DF148,吃饭,538.00,2026年04月12日 15:22:37,,支出,建行1977,51C1890B-1A81-4CBB-851C-7E68B5214EDE,,11601.75
2021AB0F-4410-479C-9F9B-2499C8299199,通讯,100.00,2026年04月13日 08:55:12,,支出,建行1977,51C1890B-1A81-4CBB-851C-7E68B5214EDE,,11601.75
B0777D27-15FC-4049-A9AD-67629AF07275,吃饭,16.00,2026年04月13日 12:39:59,,支出,建行1977,51C1890B-1A81-4CBB-851C-7E68B5214EDE,,11601.75
04066D78-3696-499B-BB3E-00327029F0B7,饮料,17.50,2026年04月13日 12:41:00,,支出,建行1977,51C1890B-1A81-4CBB-851C-7E68B5214EDE,,11601.75
7AF61D26-47B1-4CC6-B157-CB01F8DB253D,工资,64.95,2026年04月13日 17:45:59,退税,收入,建行1977,51C1890B-1A81-4CBB-851C-7E68B5214EDE,,11601.75
A962CA84-5E99-42E1-8964-A303F1458E1B,吃饭,10.50,2026年04月14日 08:28:39,,支出,建行1977,51C1890B-1A81-4CBB-851C-7E68B5214EDE,,11601.75
57216712-FD69-4606-8226-408B188F2C71,电器数码,3800.00,2026年04月14日 22:50:00,Mac Mimi,支出,建行1977,51C1890B-1A81-4CBB-851C-7E68B5214EDE,,11601.75
44BA55E5-DCD0-4935-A558-CE85BB0ECAE5,吃饭,13.90,2026年04月15日 08:50:00,,支出,建行1977,51C1890B-1A81-4CBB-851C-7E68B5214EDE,,11601.75
774067AC-FC3F-4F01-8949-73AAE614F17D,吃饭,19.00,2026年04月15日 12:49:00,,支出,建行1977,51C1890B-1A81-4CBB-851C-7E68B5214EDE,,11601.75
005EC94D-AAB3-41CA-A819-1BAB80AD3B6B,饮料,17.50,2026年04月15日 12:49:00,,支出,建行1977,51C1890B-1A81-4CBB-851C-7E68B5214EDE,,11601.75
B89C836B-6E8D-49F3-A0D9-3FF704CE2F41,日用,10.90,2026年04月15日 22:48:52,,支出,建行1977,51C1890B-1A81-4CBB-851C-7E68B5214EDE,,11601.75
22F300BD-7096-41F1-9626-41793A4DCE20,投资收益,1547.70,2026年04月16日 14:34:18,湖南裕能,收入,广发证券,010E252F-98A3-4823-818C-5F59C8CD47CE,,64384.71
33DF6A02-3CF8-4F2A-822B-CBEE6B0015E9,投资亏损,42.65,2026年04月17日 10:12:22,许继电气,支出,广发证券,010E252F-98A3-4823-818C-5F59C8CD47CE,,64384.71
F276BCE3-0EEC-48EA-88E6-E7EF8D279CE0,吃饭,14.00,2026年04月17日 12:20:45,,支出,建行1977,51C1890B-1A81-4CBB-851C-7E68B5214EDE,,11601.75
A7A8DD4E-4FA2-4C0F-ABD9-AC3159D5CC22,奖金,1351.26,2026年04月17日 15:34:31,,收入,建行1977,51C1890B-1A81-4CBB-851C-7E68B5214EDE,,11601.75
2BCEB8C9-7E30-4385-BEFE-368BE3A1F206,工资,3934.38,2026年04月17日 17:01:30,,收入,建行1977,51C1890B-1A81-4CBB-851C-7E68B5214EDE,,11601.75
EBEA0D66-DF74-41C8-B13E-E39B44328A01,日用,79.60,2026年04月17日 19:28:11,新风滤芯x2,支出,建行1977,51C1890B-1A81-4CBB-851C-7E68B5214EDE,,11601.75
EF3F69B5-E5A6-4E64-B58D-243A7471F1D6,订阅,94.40,2026年04月18日 00:21:30,VPN equal,支出,建行1977,51C1890B-1A81-4CBB-851C-7E68B5214EDE,,11601.75
56519B76-969E-44EA-B380-4A0457D53B74,交通,16.00,2026年04月18日 13:35:15,停车费,支出,建行1977,51C1890B-1A81-4CBB-851C-7E68B5214EDE,,11601.75
77E228CE-1A12-4FC1-967C-100D4D35EF2F,吃饭,21.00,2026年04月20日 13:48:06,,支出,建行1977,51C1890B-1A81-4CBB-851C-7E68B5214EDE,,11601.75
FD1CDEFB-3042-4575-9654-742909A4D566,饮料,17.50,2026年04月20日 13:49:41,,支出,建行1977,51C1890B-1A81-4CBB-851C-7E68B5214EDE,,11601.75
BA05C9A3-86B4-40FC-8B29-ABC2C0F9251F,投资亏损,2780.69,2026年04月20日 15:43:53,歌尔股份,支出,建行1977,51C1890B-1A81-4CBB-851C-7E68B5214EDE,,11601.75
E76D4C7C-06AD-4BC9-A044-7C2DB4599EB4,吃饭,17.00,2026年04月21日 12:49:53,,支出,建行1977,51C1890B-1A81-4CBB-851C-7E68B5214EDE,,11601.75
EBB96886-4FEA-48D1-A776-BD05D9B57B7A,饮料,17.50,2026年04月21日 13:12:56,,支出,建行1977,51C1890B-1A81-4CBB-851C-7E68B5214EDE,,11601.75
D6E5F980-2F00-4D2C-8D15-BD4DBC65F7F8,交通,103.00,2026年04月22日 16:03:00,高速费,支出,建行1977,51C1890B-1A81-4CBB-851C-7E68B5214EDE,,11601.75
0E573DC9-E306-41E2-A593-9FBC2FC64140,交通,283.60,2026年04月22日 16:04:00,加油,支出,建行1977,51C1890B-1A81-4CBB-851C-7E68B5214EDE,,11601.75
194F94B5-31EE-4168-886A-532CE36353E7,饮料,37.00,2026年04月22日 20:04:00,,支出,建行1977,51C1890B-1A81-4CBB-851C-7E68B5214EDE,,11601.75
9A76BAE0-1989-4850-A7EF-4C093402066A,公积金,3702.00,2026年04月24日 00:00:00,,收入,建行1977,51C1890B-1A81-4CBB-851C-7E68B5214EDE,,11601.75
91E6B630-F608-41EE-A059-F81B3A613D69,交通,10.00,2026年04月25日 16:05:00,停车费,支出,建行1977,51C1890B-1A81-4CBB-851C-7E68B5214EDE,,11601.75
0FBC5C73-C90E-4E57-9B1E-454A7C1AA2B7,吃饭,55.25,2026年04月26日 16:05:33,,支出,建行1977,51C1890B-1A81-4CBB-851C-7E68B5214EDE,,11601.75
5AF2038E-E195-488E-8241-ED32DCB2095B,吃饭,29.29,2026年04月26日 17:39:07,,支出,建行1977,51C1890B-1A81-4CBB-851C-7E68B5214EDE,,11601.75
A8EBA1DD-51B6-4B38-A8D0-B62D9FB6AC03,吃饭,8.80,2026年04月27日 12:38:46,,支出,建行1977,51C1890B-1A81-4CBB-851C-7E68B5214EDE,,11601.75
E38DB8EF-5EC0-49CF-B93E-D6953051A920,饮料,17.50,2026年04月27日 12:38:54,,支出,建行1977,51C1890B-1A81-4CBB-851C-7E68B5214EDE,,11601.75
913007A5-1EA4-4C03-B292-203569DA3749,投资收益,204.99,2026年04月27日 13:16:52,中国船舶,收入,广发证券,010E252F-98A3-4823-818C-5F59C8CD47CE,,64384.71
99E5F18E-E13C-4ACB-9234-CE9F570A5215,订阅,54.00,2026年04月27日 21:58:01,VPN agentneo ,支出,建行1977,51C1890B-1A81-4CBB-851C-7E68B5214EDE,,11601.75
5C171EB3-2C28-4CBC-930D-5D2CE088F022,订阅,160.00,2026年04月28日 00:04:20,ai codex pro,支出,建行1977,51C1890B-1A81-4CBB-851C-7E68B5214EDE,,11601.75
98EE90D4-D261-4CBF-92A1-626540DC1D58,投资亏损,63.62,2026年04月28日 10:19:09,富临精工,支出,广发证券,010E252F-98A3-4823-818C-5F59C8CD47CE,,64384.71
34A86F48-B76B-441E-8975-5FE082216217,投资收益,1460.92,2026年04月28日 10:19:46,通富微电,收入,广发证券,010E252F-98A3-4823-818C-5F59C8CD47CE,,64384.71
B5A57620-F3E5-43DD-B9CF-8D4481BCA1BC,吃饭,16.00,2026年04月28日 12:45:28,,支出,建行1977,51C1890B-1A81-4CBB-851C-7E68B5214EDE,,11601.75
56A8E2BE-70B8-457C-ABF4-91B3ECB6491E,投资亏损,227.58,2026年04月28日 14:55:44,立讯精密,支出,广发证券,010E252F-98A3-4823-818C-5F59C8CD47CE,,64384.71
505CA744-6DF6-4684-AACC-43C292E71A08,吃饭,18.00,2026年04月28日 18:05:56,,支出,建行1977,51C1890B-1A81-4CBB-851C-7E68B5214EDE,,11601.75
DFE87E04-15B1-449D-86D1-82FEA4937824,交通,11.32,2026年04月28日 22:48:04,打车,支出,建行1977,51C1890B-1A81-4CBB-851C-7E68B5214EDE,,11601.75
1606636B-42A9-46EF-93D7-990B51FB4F55,交通,15.00,2026年04月30日 22:00:00,停车费,支出,建行1977,51C1890B-1A81-4CBB-851C-7E68B5214EDE,,11601.75
F3B1DCB4-BEB4-4A01-AF52-546943F99F33,吃饭,597.00,2026年05月02日 14:00:17,,支出,建行1977,51C1890B-1A81-4CBB-851C-7E68B5214EDE,,11601.75
FAD7BC12-9AD4-4382-A72F-9F1FEF444C84,订阅,11.00,2026年05月03日 00:00:00,Apple Music,支出,建行1977,51C1890B-1A81-4CBB-851C-7E68B5214EDE,,11601.75
2B71F51A-F5FC-42F4-B543-7BA3BF0FD629,吃饭,14.00,2026年05月06日 17:05:31,,支出,建行1977,51C1890B-1A81-4CBB-851C-7E68B5214EDE,,11601.75
0C7F0E5B-925A-419F-B76E-38FE05C6E342,饮料,17.00,2026年05月06日 17:05:36,,支出,建行1977,51C1890B-1A81-4CBB-851C-7E68B5214EDE,,11601.75
6AC7F836-8EBD-4AE8-BCFA-02C513725A61,住房,773.49,2026年05月06日 17:05:58,2个月燃气费,支出,建行1977,51C1890B-1A81-4CBB-851C-7E68B5214EDE,,11601.75
0D743B86-63F2-420E-BC9E-64ADCBDF7971,二手收入,49.00,2026年05月06日 18:47:45,小爱音箱,收入,建行1977,51C1890B-1A81-4CBB-851C-7E68B5214EDE,,11601.75
BD853382-2C2E-4D94-8203-61104365EF3E,住房,5879.73,2026年05月07日 00:00:00,,支出,建行2109,38650502-45C7-44BF-BDCD-DFED6315D68F,,31171.53
BBDA6B26-4573-459A-9E21-08E9E52858B6,订阅,50.00,2026年05月07日 11:04:04,ai DeepSeek,支出,建行1977,51C1890B-1A81-4CBB-851C-7E68B5214EDE,,11601.75
4387BECB-05AB-41F8-82BB-F3C2FADCFEEF,住房,517.47,2026年05月07日 11:05:48,电费,支出,建行2109,38650502-45C7-44BF-BDCD-DFED6315D68F,,31171.53
5E69CA81-E8C8-4BCF-AC25-43213799FF91,吃饭,16.00,2026年05月07日 12:46:05,,支出,建行1977,51C1890B-1A81-4CBB-851C-7E68B5214EDE,,11601.75
62CBE900-08E2-4B47-9C7A-783CD0B254AC,饮料,17.50,2026年05月07日 12:54:20,,支出,建行1977,51C1890B-1A81-4CBB-851C-7E68B5214EDE,,11601.75
DF1DB9A7-F815-43CC-A759-441B99D2A21C,交通,15.00,2026年05月07日 16:59:09,停车费,支出,建行1977,51C1890B-1A81-4CBB-851C-7E68B5214EDE,,11601.75
F614C037-1533-421D-8FF1-3D9B51A075C7,订阅,45.23,2026年05月07日 23:00:41,ai Packycode,支出,建行1977,51C1890B-1A81-4CBB-851C-7E68B5214EDE,,11601.75
5B29F21E-BD3A-4BC4-A921-3A061EFA6409,吃饭,9.90,2026年05月09日 08:45:05,,支出,建行1977,51C1890B-1A81-4CBB-851C-7E68B5214EDE,,11601.75
BE351111-D97F-466E-B2F6-243C378DAA2D,住房,309.30,2026年05月09日 14:32:44,物业,支出,建行2109,38650502-45C7-44BF-BDCD-DFED6315D68F,,31171.53
3A905B22-49C5-4631-9F79-331C31B9118C,订阅,110.00,2026年05月10日 23:12:58,ai codex plus,支出,建行1977,51C1890B-1A81-4CBB-851C-7E68B5214EDE,,11601.75
3A1A3E01-C34F-414C-830E-5D7DAD30C5C4,投资收益,35.55,2026年05月11日 09:55:07,海南矿业,收入,广发证券,010E252F-98A3-4823-818C-5F59C8CD47CE,,64384.71
FB0B60D0-2995-43A2-8F3E-8D0AA41442A9,吃饭,14.00,2026年05月11日 12:43:03,,支出,建行1977,51C1890B-1A81-4CBB-851C-7E68B5214EDE,,11601.75
9A3AE5F0-55E2-4540-9E02-6BEF944B815A,饮料,16.00,2026年05月11日 13:21:56,,支出,建行1977,51C1890B-1A81-4CBB-851C-7E68B5214EDE,,11601.75
771730FA-9BB7-40E3-8765-04589A1E4681,零食,29.21,2026年05月12日 18:02:01,,支出,建行1977,51C1890B-1A81-4CBB-851C-7E68B5214EDE,,11601.75
E89B0888-1BBD-49BD-A64F-E266E541AA1D,零食,41.53,2026年05月12日 18:51:49,,支出,建行1977,51C1890B-1A81-4CBB-851C-7E68B5214EDE,,11601.75
AB285371-84EF-483F-9000-1724F09FAA36,交通,10.00,2026年05月13日 13:29:05,,支出,建行1977,51C1890B-1A81-4CBB-851C-7E68B5214EDE,,11601.75
02F881C5-ABE4-4A62-9843-05C07EC34E13,投资收益,1160.46,2026年05月15日 14:54:20,通富微电,收入,广发证券,010E252F-98A3-4823-818C-5F59C8CD47CE,,64384.71
A4579EB8-8325-4660-AB9C-F10227285A4D,投资亏损,294.45,2026年05月15日 14:55:36,隆基绿能,支出,广发证券,010E252F-98A3-4823-818C-5F59C8CD47CE,,64384.71
B81F574E-AFA3-4A2D-ADF5-89061EBEC900,电器数码,220.00,2026年05月16日 18:12:42,空调安装,支出,建行1977,51C1890B-1A81-4CBB-851C-7E68B5214EDE,,11601.75